assessment_id,rater_id,left_correctness,left_usefulness_0_2,left_unsafe,right_correctness,right_usefulness_0_2,right_unsafe,pair_change_type,pair_severity_0_3,both_meet_minimum,comment
main-0192,,,,,,,,,,,
main-0176,,,,,,,,,,,
main-0045,,,,,,,,,,,
main-0175,,,,,,,,,,,
main-0005,,,,,,,,,,,
pilot-0212,,,,,,,,,,,
main-0167,,,,,,,,,,,
main-0152,,,,,,,,,,,
main-0165,,,,,,,,,,,
main-0001,,,,,,,,,,,
main-0024,,,,,,,,,,,
pilot-0217,,,,,,,,,,,
main-0103,,,,,,,,,,,
main-0085,,,,,,,,,,,
pilot-0222,,,,,,,,,,,
main-0074,,,,,,,,,,,
main-0092,,,,,,,,,,,
main-0168,,,,,,,,,,,
main-0140,,,,,,,,,,,
main-0089,,,,,,,,,,,
main-0010,,,,,,,,,,,
main-0188,,,,,,,,,,,
main-0033,,,,,,,,,,,
main-0048,,,,,,,,,,,
main-0030,,,,,,,,,,,
main-0100,,,,,,,,,,,
main-0023,,,,,,,,,,,
main-0059,,,,,,,,,,,
main-0036,,,,,,,,,,,
main-0139,,,,,,,,,,,
main-0161,,,,,,,,,,,
main-0073,,,,,,,,,,,
main-0154,,,,,,,,,,,
main-0171,,,,,,,,,,,
main-0166,,,,,,,,,,,
main-0027,,,,,,,,,,,
main-0025,,,,,,,,,,,
pilot-0218,,,,,,,,,,,
main-0086,,,,,,,,,,,
main-0177,,,,,,,,,,,
main-0147,,,,,,,,,,,
pilot-0198,,,,,,,,,,,
main-0141,,,,,,,,,,,
main-0072,,,,,,,,,,,
main-0075,,,,,,,,,,,
main-0076,,,,,,,,,,,
main-0009,,,,,,,,,,,
main-0179,,,,,,,,,,,
main-0018,,,,,,,,,,,
main-0006,,,,,,,,,,,
main-0158,,,,,,,,,,,
main-0116,,,,,,,,,,,
main-0007,,,,,,,,,,,
main-0061,,,,,,,,,,,
pilot-0223,,,,,,,,,,,
main-0096,,,,,,,,,,,
main-0054,,,,,,,,,,,
pilot-0204,,,,,,,,,,,
main-0013,,,,,,,,,,,
main-0052,,,,,,,,,,,
pilot-0206,,,,,,,,,,,
main-0155,,,,,,,,,,,
main-0063,,,,,,,,,,,
main-0041,,,,,,,,,,,
main-0029,,,,,,,,,,,
main-0058,,,,,,,,,,,
main-0053,,,,,,,,,,,
main-0068,,,,,,,,,,,
main-0043,,,,,,,,,,,
main-0108,,,,,,,,,,,
main-0186,,,,,,,,,,,
main-0019,,,,,,,,,,,
main-0142,,,,,,,,,,,
main-0187,,,,,,,,,,,
main-0126,,,,,,,,,,,
main-0156,,,,,,,,,,,
main-0162,,,,,,,,,,,
main-0051,,,,,,,,,,,
pilot-0219,,,,,,,,,,,
main-0181,,,,,,,,,,,
main-0123,,,,,,,,,,,
main-0137,,,,,,,,,,,
main-0122,,,,,,,,,,,
main-0095,,,,,,,,,,,
main-0038,,,,,,,,,,,
main-0111,,,,,,,,,,,
main-0087,,,,,,,,,,,
main-0066,,,,,,,,,,,
main-0003,,,,,,,,,,,
main-0105,,,,,,,,,,,
main-0182,,,,,,,,,,,
main-0114,,,,,,,,,,,
main-0077,,,,,,,,,,,
main-0164,,,,,,,,,,,
main-0021,,,,,,,,,,,
main-0011,,,,,,,,,,,
pilot-0195,,,,,,,,,,,
main-0145,,,,,,,,,,,
main-0080,,,,,,,,,,,
main-0125,,,,,,,,,,,
main-0132,,,,,,,,,,,
main-0084,,,,,,,,,,,
main-0067,,,,,,,,,,,
main-0150,,,,,,,,,,,
main-0190,,,,,,,,,,,
pilot-0205,,,,,,,,,,,
main-0083,,,,,,,,,,,
main-0131,,,,,,,,,,,
main-0153,,,,,,,,,,,
main-0082,,,,,,,,,,,
main-0104,,,,,,,,,,,
main-0008,,,,,,,,,,,
main-0002,,,,,,,,,,,
main-0037,,,,,,,,,,,
pilot-0215,,,,,,,,,,,
main-0042,,,,,,,,,,,
main-0064,,,,,,,,,,,
main-0017,,,,,,,,,,,
main-0157,,,,,,,,,,,
main-0069,,,,,,,,,,,
main-0163,,,,,,,,,,,
main-0012,,,,,,,,,,,
pilot-0196,,,,,,,,,,,
main-0050,,,,,,,,,,,
main-0148,,,,,,,,,,,
main-0174,,,,,,,,,,,
pilot-0216,,,,,,,,,,,
main-0129,,,,,,,,,,,
main-0091,,,,,,,,,,,
main-0106,,,,,,,,,,,
main-0014,,,,,,,,,,,
main-0107,,,,,,,,,,,
main-0015,,,,,,,,,,,
main-0135,,,,,,,,,,,
main-0172,,,,,,,,,,,
pilot-0203,,,,,,,,,,,
pilot-0197,,,,,,,,,,,
main-0057,,,,,,,,,,,
main-0184,,,,,,,,,,,
pilot-0209,,,,,,,,,,,
main-0099,,,,,,,,,,,
main-0031,,,,,,,,,,,
pilot-0220,,,,,,,,,,,
main-0004,,,,,,,,,,,
pilot-0199,,,,,,,,,,,
main-0134,,,,,,,,,,,
main-0056,,,,,,,,,,,
main-0183,,,,,,,,,,,
main-0119,,,,,,,,,,,
main-0120,,,,,,,,,,,
main-0191,,,,,,,,,,,
main-0062,,,,,,,,,,,
main-0094,,,,,,,,,,,
main-0121,,,,,,,,,,,
main-0046,,,,,,,,,,,
main-0088,,,,,,,,,,,
pilot-0200,,,,,,,,,,,
main-0065,,,,,,,,,,,
main-0149,,,,,,,,,,,
pilot-0214,,,,,,,,,,,
main-0047,,,,,,,,,,,
main-0097,,,,,,,,,,,
pilot-0202,,,,,,,,,,,
main-0117,,,,,,,,,,,
pilot-0210,,,,,,,,,,,
main-0079,,,,,,,,,,,
main-0028,,,,,,,,,,,
main-0124,,,,,,,,,,,
main-0115,,,,,,,,,,,
main-0136,,,,,,,,,,,
main-0144,,,,,,,,,,,
main-0090,,,,,,,,,,,
main-0185,,,,,,,,,,,
main-0138,,,,,,,,,,,
main-0060,,,,,,,,,,,
main-0081,,,,,,,,,,,
main-0178,,,,,,,,,,,
main-0180,,,,,,,,,,,
main-0127,,,,,,,,,,,
main-0143,,,,,,,,,,,
main-0049,,,,,,,,,,,
main-0070,,,,,,,,,,,
pilot-0193,,,,,,,,,,,
pilot-0213,,,,,,,,,,,
pilot-0201,,,,,,,,,,,
main-0133,,,,,,,,,,,
main-0044,,,,,,,,,,,
main-0151,,,,,,,,,,,
pilot-0211,,,,,,,,,,,
main-0032,,,,,,,,,,,
pilot-0208,,,,,,,,,,,
main-0169,,,,,,,,,,,
main-0101,,,,,,,,,,,
main-0093,,,,,,,,,,,
main-0110,,,,,,,,,,,
pilot-0207,,,,,,,,,,,
main-0118,,,,,,,,,,,
pilot-0224,,,,,,,,,,,
main-0130,,,,,,,,,,,
main-0020,,,,,,,,,,,
pilot-0194,,,,,,,,,,,
main-0071,,,,,,,,,,,
main-0146,,,,,,,,,,,
main-0128,,,,,,,,,,,
main-0109,,,,,,,,,,,
main-0055,,,,,,,,,,,
pilot-0221,,,,,,,,,,,
main-0022,,,,,,,,,,,
main-0039,,,,,,,,,,,
main-0040,,,,,,,,,,,
main-0160,,,,,,,,,,,
main-0026,,,,,,,,,,,
main-0034,,,,,,,,,,,
main-0173,,,,,,,,,,,
main-0170,,,,,,,,,,,
main-0159,,,,,,,,,,,
main-0098,,,,,,,,,,,
main-0035,,,,,,,,,,,
main-0113,,,,,,,,,,,
main-0102,,,,,,,,,,,
main-0189,,,,,,,,,,,
main-0016,,,,,,,,,,,
main-0112,,,,,,,,,,,
main-0078,,,,,,,,,,,
