base_model_name,method_name,test_slice_name,criterion_one_targeted_repair_verdict,change_in_gap_erasure_rate_versus_base,change_in_identity_probe_accuracy_versus_base,change_in_patchscope_probability_of_roughly_equal_on_diff_items,criterion_two_preservation_verdict,change_in_equal_condition_accuracy_versus_base,change_in_capability_retention_versus_base,criterion_three_minimal_invasiveness_verdict,trainable_parameter_percentage,relative_frobenius_drift_mean,wall_clock_minutes_training_loop,criteria_satisfied_out_of_three,balanced_awareness_score_harmonic_mean_of_diff_and_equal_accuracy,non_regression_adjusted_contextual_fairness_score,fairness_gain_per_unit_relative_frobenius_drift,fairness_gain_per_training_minute
broad-instruct,ablation_no_condition_adaptive,all,pass,-0.0512,,,fail,0.6984,-0.022,fail,1.37506,0.03145,8.5051,1,0.937,0.937,18.8765,0.0698
broad-instruct,ablation_no_condition_adaptive,structure_familiar,pass,-0.0253,,,fail,0.7588,-0.022,fail,1.37506,0.03145,8.5051,1,0.9392,0.9392,20.6467,0.0763
broad-instruct,ablation_no_condition_adaptive,structure_novel,pass,-0.0704,,,fail,0.649,-0.022,fail,1.37506,0.03145,8.5051,1,0.9344,0.9344,17.5365,0.0648
broad-instruct,ablation_no_rationale_loss,all,pass,-0.0485,,,fail,0.6481,-0.064,fail,1.37506,0.028129,6.89,1,0.9113,0.9113,20.1919,0.0824
broad-instruct,ablation_no_rationale_loss,structure_familiar,pass,-0.019,,,fail,0.7059,-0.064,fail,1.37506,0.028129,6.89,1,0.9087,0.9087,22.0025,0.0898
broad-instruct,ablation_no_rationale_loss,structure_novel,pass,-0.0704,,,fail,0.601,-0.064,fail,1.37506,0.028129,6.89,1,0.9122,0.9122,18.8158,0.0768
broad-instruct,ablation_placement_random,all,pass,-0.0485,,,pass,0.7169,0.0,fail,1.37506,0.03179,8.2682,2,0.9518,0.9518,19.1401,0.0736
broad-instruct,ablation_placement_random,structure_familiar,pass,-0.0253,,,pass,0.7765,0.0,fail,1.37506,0.03179,8.2682,2,0.9543,0.9543,20.903,0.0804
broad-instruct,ablation_placement_random,structure_novel,pass,-0.0657,,,pass,0.6683,0.0,fail,1.37506,0.03179,8.2682,2,0.949,0.949,17.8091,0.0685
broad-instruct,ablation_placement_random_draw2,all,pass,-0.0377,,,pass,0.7169,-0.002,fail,1.37506,0.032749,8.31,2,0.9453,0.9453,18.3792,0.0724
broad-instruct,ablation_placement_random_draw2,structure_familiar,pass,-0.0063,,,pass,0.7824,-0.002,fail,1.37506,0.032749,8.31,2,0.9476,0.9476,20.0869,0.0792
broad-instruct,ablation_placement_random_draw2,structure_novel,pass,-0.061,,,pass,0.6635,-0.002,fail,1.37506,0.032749,8.31,2,0.9421,0.9421,17.0744,0.0673
broad-instruct,ablation_placement_random_draw3,all,pass,-0.0458,,,fail,0.7037,-0.026,fail,1.37506,0.03586,8.2918,1,0.9385,0.9385,16.5955,0.0718
broad-instruct,ablation_placement_random_draw3,structure_familiar,pass,-0.0127,,,fail,0.7647,-0.026,fail,1.37506,0.03586,8.2918,1,0.9357,0.9357,18.0127,0.0779
broad-instruct,ablation_placement_random_draw3,structure_novel,pass,-0.0704,,,fail,0.6538,-0.026,fail,1.37506,0.03586,8.2918,1,0.9392,0.9392,15.5126,0.0671
broad-instruct,ablation_placement_uniform,all,pass,-0.0512,,,pass,0.6693,0.004,fail,1.37506,0.024855,9.2711,2,0.9204,0.9204,23.2153,0.0622
broad-instruct,ablation_placement_uniform,structure_familiar,pass,-0.0253,,,pass,0.7353,0.004,fail,1.37506,0.024855,9.2711,2,0.9241,0.9241,25.5183,0.0684
broad-instruct,ablation_placement_uniform,structure_novel,pass,-0.0704,,,pass,0.6154,0.004,fail,1.37506,0.024855,9.2711,2,0.9161,0.9161,21.4527,0.0575
broad-instruct,ablation_rank_sweep_16,all,pass,-0.0512,,,pass,0.6878,-0.004,pass,0.54445,0.021313,9.0086,3,0.9403,0.9403,28.0098,0.0663
broad-instruct,ablation_rank_sweep_16,structure_familiar,pass,-0.0253,,,pass,0.7471,-0.004,pass,0.54445,0.021313,9.0086,3,0.9424,0.9424,30.6185,0.0724
broad-instruct,ablation_rank_sweep_16,structure_novel,pass,-0.0704,,,pass,0.6394,-0.004,pass,0.54445,0.021313,9.0086,3,0.9378,0.9378,26.0376,0.0616
broad-instruct,ablation_rank_sweep_32,all,pass,-0.0458,,,pass,0.672,-0.018,fail,1.083,0.030682,8.6955,2,0.9268,0.9268,19.0155,0.0671
broad-instruct,ablation_rank_sweep_32,structure_familiar,pass,-0.019,,,pass,0.7353,-0.018,fail,1.083,0.030682,8.6955,2,0.9302,0.9302,20.8713,0.0736
broad-instruct,ablation_rank_sweep_32,structure_novel,pass,-0.0657,,,pass,0.6202,-0.018,fail,1.083,0.030682,8.6955,2,0.923,0.923,17.6025,0.0621
broad-instruct,ablation_rank_sweep_8,all,pass,-0.0512,,,pass,0.6852,-0.002,pass,0.27297,0.014638,8.4732,3,0.9402,0.9402,40.7704,0.0704
broad-instruct,ablation_rank_sweep_8,structure_familiar,pass,-0.0253,,,pass,0.7412,-0.002,pass,0.27297,0.014638,8.4732,3,0.9453,0.9453,44.7803,0.0774
broad-instruct,ablation_rank_sweep_8,structure_novel,pass,-0.0704,,,pass,0.6394,-0.002,pass,0.27297,0.014638,8.4732,3,0.9357,0.9357,37.7654,0.0652
broad-instruct,baseline_dart,all,fail,-0.0404,-0.0919,0.1633,pass,0.7011,-0.0193,fail,1.37506,0.026383,12.5178,1,0.9332,0.9332,22.3567,0.0471
broad-instruct,baseline_dart,structure_familiar,fail,-0.0063,-0.0919,0.1633,pass,0.7529,-0.0193,fail,1.37506,0.026383,12.5178,1,0.9235,0.9235,24.0203,0.0506
broad-instruct,baseline_dart,structure_novel,fail,-0.0657,-0.0919,0.1633,pass,0.6587,-0.0193,fail,1.37506,0.026383,12.5178,1,0.9395,0.9395,21.0985,0.0445
broad-instruct,baseline_fairnet,all,fail,-0.027,-0.0959,0.147,fail,0.6772,-0.0593,fail,1.37506,0.022834,8.0768,0,0.9246,0.9246,25.4552,0.072
broad-instruct,baseline_fairnet,structure_familiar,fail,0.0063,-0.0959,0.147,fail,0.7353,-0.0593,fail,1.37506,0.022834,8.0768,0,0.9241,0.9241,27.7765,0.0785
broad-instruct,baseline_fairnet,structure_novel,fail,-0.0516,-0.0959,0.147,fail,0.6298,-0.0593,fail,1.37506,0.022834,8.0768,0,0.924,0.924,23.6984,0.067
broad-instruct,baseline_fairsteer,all,pass,-0.0512,0.0,,fail,-0.2143,-0.046,not_evaluable,,,,1,0.0105,-1.1024,,
broad-instruct,baseline_fairsteer,structure_familiar,pass,-0.0253,0.0,,fail,-0.1765,-0.046,not_evaluable,,,,1,0.0,-1.0859,,
broad-instruct,baseline_fairsteer,structure_novel,pass,-0.0704,0.0,,fail,-0.2452,-0.046,not_evaluable,,,,1,0.0189,-1.1202,,
broad-instruct,baseline_igu_lora,all,fail,-0.0323,-0.2266,0.0114,fail,0.7302,-0.07,fail,1.37506,0.029014,7.6326,0,0.9506,0.9506,20.9294,0.0796
broad-instruct,baseline_igu_lora,structure_familiar,fail,0.0,-0.2266,0.0114,fail,0.7824,-0.07,fail,1.37506,0.029014,7.6326,0,0.9411,0.9411,22.4479,0.0853
broad-instruct,baseline_igu_lora,structure_novel,fail,-0.0563,-0.2266,0.0114,fail,0.6875,-0.07,fail,1.37506,0.029014,7.6326,0,0.9568,0.9568,19.7816,0.0752
broad-instruct,baseline_lftf,all,fail,-0.0027,0.0,0.0861,pass,0.7143,-0.016,fail,1.35009,0.039619,5.8236,1,0.9237,0.9237,14.6479,0.0997
broad-instruct,baseline_lftf,structure_familiar,fail,0.019,0.0,0.0861,pass,0.7706,-0.016,fail,1.35009,0.039619,5.8236,1,0.9223,0.9223,15.9634,0.1086
broad-instruct,baseline_lftf,structure_novel,fail,-0.0188,0.0,0.0861,pass,0.6683,-0.016,fail,1.35009,0.039619,5.8236,1,0.924,0.924,13.6571,0.0929
broad-instruct,baseline_pedal,all,fail,-0.0377,0.0679,-0.0292,fail,0.6825,-0.064,fail,1.37506,0.022282,7.9678,0,0.9287,0.9287,26.269,0.0735
broad-instruct,baseline_pedal,structure_familiar,fail,-0.0063,0.0679,-0.0292,fail,0.7412,-0.064,fail,1.37506,0.022282,7.9678,0,0.9332,0.9332,28.8765,0.0808
broad-instruct,baseline_pedal,structure_novel,fail,-0.061,0.0679,-0.0292,fail,0.6346,-0.064,fail,1.37506,0.022282,7.9678,0,0.9245,0.9245,24.3063,0.068
broad-instruct,baseline_regift,all,fail,-0.0431,-0.0206,0.0959,pass,0.7222,0.008,fail,1.37506,0.025503,9.255,1,0.9546,0.9546,23.9654,0.066
broad-instruct,baseline_regift,structure_familiar,fail,-0.0127,-0.0206,0.0959,pass,0.7765,0.008,fail,1.37506,0.025503,9.255,1,0.9543,0.9543,26.056,0.0718
broad-instruct,baseline_regift,structure_novel,fail,-0.0657,-0.0206,0.0959,pass,0.6779,0.008,fail,1.37506,0.025503,9.255,1,0.9541,0.9541,22.3976,0.0617
broad-instruct,graft_proposed,all,fail,-0.0431,0.0091,0.1107,fail,0.7063,-0.0287,fail,1.37506,0.031661,8.3123,0,0.9372,0.9372,18.7569,0.0714
broad-instruct,graft_proposed,structure_familiar,fail,-0.0127,0.0091,0.1107,fail,0.7588,-0.0287,fail,1.37506,0.031661,8.3123,0,0.9296,0.9296,20.2089,0.077
broad-instruct,graft_proposed,structure_novel,fail,-0.0657,0.0091,0.1107,fail,0.6635,-0.0287,fail,1.37506,0.031661,8.3123,0,0.9421,0.9421,17.6614,0.0673
broad-instruct,graft_proposed_loao_gender,all,fail,0.6738,-0.1678,0.1698,fail,0.7804,-0.042,fail,1.37506,0.029563,7.6251,0,0.3333,-0.4126,-0.3392,-0.0013
broad-instruct,graft_proposed_loao_gender,structure_familiar,fail,0.857,-0.1678,0.1698,fail,0.8235,-0.042,fail,1.37506,0.029563,7.6251,0,0.0,-1.0,-9.8032,-0.038
broad-instruct,graft_proposed_loao_gender,structure_novel,fail,0.5383,-0.1678,0.1698,fail,0.7452,-0.042,fail,1.37506,0.029563,7.6251,0,0.5161,-0.0321,4.5066,0.0175
broad-instruct,graft_proposed_loao_landholding,all,fail,-0.0512,-0.159,0.1195,fail,0.3638,-0.03,fail,1.37228,0.019842,4.3065,0,0.551,0.2142,10.4632,0.0482
broad-instruct,graft_proposed_loao_landholding,structure_familiar,fail,-0.0253,-0.159,0.1195,fail,0.3552,-0.03,fail,1.37228,0.019842,4.3065,0,0.5153,0.1325,11.3661,0.0524
broad-instruct,graft_proposed_loao_landholding,structure_novel,fail,-0.0704,-0.159,0.1195,fail,0.3816,-0.03,fail,1.37228,0.019842,4.3065,0,0.5844,0.286,10.1537,0.0468
broad-instruct,graft_proposed_loao_social_group,all,fail,0.8965,0.0598,0.0695,fail,0.7596,-0.028,fail,1.38615,0.020112,4.782,0,0.0116,-0.9811,-16.4977,-0.0694
broad-instruct,graft_proposed_loao_social_group,structure_familiar,fail,0.9312,0.0598,0.0695,fail,0.8235,-0.028,fail,1.38615,0.020112,4.782,0,0.0286,-0.9535,-12.9893,-0.0546
broad-instruct,graft_proposed_loao_social_group,structure_novel,fail,0.8713,0.0598,0.0695,fail,0.7095,-0.028,fail,1.38615,0.020112,4.782,0,0.0,-1.0,-19.0383,-0.0801
broad-instruct,graft_proposed_qlora_nf4,all,fail,-0.0485,-0.1385,0.1427,fail,0.6852,-0.074,fail,2.47945,0.030848,12.43,0,0.9106,0.9106,18.387,0.0456
broad-instruct,graft_proposed_qlora_nf4,structure_familiar,fail,-0.019,-0.1385,0.1427,fail,0.7353,-0.074,fail,2.47945,0.030848,12.43,0,0.9052,0.9052,19.9491,0.0495
broad-instruct,graft_proposed_qlora_nf4,structure_novel,fail,-0.0704,-0.1385,0.1427,fail,0.6442,-0.074,fail,2.47945,0.030848,12.43,0,0.9141,0.9141,17.2184,0.0427
broad-instruct,reference_vanilla_lora,all,fail,-0.0404,0.013,0.0433,pass,0.7011,-0.01,pass,0.40889,0.012216,7.8533,2,0.9358,0.9358,48.496,0.0754
broad-instruct,reference_vanilla_lora,structure_familiar,fail,-0.0063,0.013,0.0433,pass,0.7529,-0.01,pass,0.40889,0.012216,7.8533,2,0.9299,0.9299,52.3958,0.0815
broad-instruct,reference_vanilla_lora,structure_novel,fail,-0.0657,0.013,0.0433,pass,0.6587,-0.01,pass,0.40889,0.012216,7.8533,2,0.9395,0.9395,45.5647,0.0709
broad-instruct,reference_vanilla_lora_loao_gender,all,fail,0.7488,-0.0712,0.1034,pass,0.7804,0.002,pass,0.40889,0.012884,8.6067,2,0.0488,-0.9195,-22.8641,-0.0342
broad-instruct,reference_vanilla_lora_loao_gender,structure_familiar,fail,0.857,-0.0712,0.1034,pass,0.8235,0.002,pass,0.40889,0.012884,8.6067,2,0.0,-1.0,-22.4939,-0.0337
broad-instruct,reference_vanilla_lora_loao_gender,structure_novel,fail,0.6687,-0.0712,0.1034,pass,0.7452,0.002,pass,0.40889,0.012884,8.6067,2,0.0833,-0.8602,-23.251,-0.0348
broad-instruct,reference_vanilla_lora_loao_landholding,all,fail,-0.0009,-0.0291,0.1104,pass,0.3189,0.016,pass,0.40889,0.009299,4.7166,2,0.6173,0.5363,29.4623,0.0581
broad-instruct,reference_vanilla_lora_loao_landholding,structure_familiar,fail,-0.0114,-0.0291,0.1104,pass,0.3045,0.016,pass,0.40889,0.009299,4.7166,2,0.5774,0.4689,30.9312,0.061
broad-instruct,reference_vanilla_lora_loao_landholding,structure_novel,fail,0.01,-0.0291,0.1104,pass,0.3426,0.016,pass,0.40889,0.009299,4.7166,2,0.6547,0.5952,29.2283,0.0576
broad-instruct,reference_vanilla_lora_loao_social_group,all,fail,0.943,-0.1084,0.1534,pass,0.7804,-0.006,pass,0.40889,0.009897,5.1781,2,0.0116,-0.9811,-33.5254,-0.0641
broad-instruct,reference_vanilla_lora_loao_social_group,structure_familiar,fail,0.9602,-0.1084,0.1534,pass,0.8235,-0.006,pass,0.40889,0.009897,5.1781,2,0.0286,-0.9535,-26.3959,-0.0505
broad-instruct,reference_vanilla_lora_loao_social_group,structure_novel,fail,0.9296,-0.1084,0.1534,pass,0.7452,-0.006,pass,0.40889,0.009897,5.1781,2,0.0,-1.0,-38.6884,-0.0739
broad-instruct,reference_vanilla_qlora,all,fail,-0.0485,0.0635,0.0549,fail,0.7116,-0.046,pass,0.74314,0.012273,10.6381,1,0.9491,0.9491,49.3543,0.0569
broad-instruct,reference_vanilla_qlora,structure_familiar,fail,-0.019,0.0635,0.0549,fail,0.7647,-0.046,pass,0.74314,0.012273,10.6381,1,0.9453,0.9453,53.4053,0.0616
broad-instruct,reference_vanilla_qlora,structure_novel,fail,-0.0704,0.0635,0.0549,fail,0.6683,-0.046,pass,0.74314,0.012273,10.6381,1,0.9513,0.9513,46.31,0.0534
general-instruct,ablation_no_condition_adaptive,all,pass,-0.0081,,,fail,0.7857,-0.084,pass,0.80005,0.045324,33.914,2,0.9359,0.9359,15.2548,0.0204
general-instruct,ablation_no_condition_adaptive,structure_familiar,pass,-0.0127,,,fail,0.8588,-0.084,pass,0.80005,0.045324,33.914,2,0.9419,0.9419,17.2694,0.0231
general-instruct,ablation_no_condition_adaptive,structure_novel,pass,-0.0047,,,fail,0.726,-0.084,pass,0.80005,0.045324,33.914,2,0.9308,0.9308,13.8153,0.0185
general-instruct,ablation_no_rationale_loss,all,pass,-0.0189,,,fail,0.7725,-0.124,pass,0.80005,0.044113,33.9154,2,0.9318,0.9318,15.5805,0.0203
general-instruct,ablation_no_rationale_loss,structure_familiar,pass,-0.0063,,,fail,0.8471,-0.124,pass,0.80005,0.044113,33.9154,2,0.9232,0.9232,17.3203,0.0225
general-instruct,ablation_no_rationale_loss,structure_novel,pass,-0.0282,,,fail,0.7115,-0.124,pass,0.80005,0.044113,33.9154,2,0.9366,0.9366,14.3264,0.0186
general-instruct,ablation_placement_random,all,pass,-0.0162,,,fail,0.791,-0.062,pass,0.80005,0.047303,34.7741,2,0.9332,0.9332,14.5588,0.0198
general-instruct,ablation_placement_random,structure_familiar,pass,-0.0063,,,fail,0.8647,-0.062,pass,0.80005,0.047303,34.7741,2,0.9284,0.9284,16.2621,0.0221
general-instruct,ablation_placement_random,structure_novel,pass,-0.0235,,,fail,0.7308,-0.062,pass,0.80005,0.047303,34.7741,2,0.9355,0.9355,13.3378,0.0181
general-instruct,ablation_placement_random_draw2,all,pass,-0.0323,,,pass,0.7751,-0.016,pass,0.80005,0.041964,34.749,3,0.9461,0.9461,16.7188,0.0202
general-instruct,ablation_placement_random_draw2,structure_familiar,pass,-0.0316,,,pass,0.8529,-0.016,pass,0.80005,0.041964,34.749,3,0.9546,0.9546,18.9552,0.0229
general-instruct,ablation_placement_random_draw2,structure_novel,pass,-0.0329,,,pass,0.7115,-0.016,pass,0.80005,0.041964,34.749,3,0.9388,0.9388,15.1118,0.0182
general-instruct,ablation_placement_random_draw3,all,pass,-0.027,,,fail,0.7566,-0.048,pass,0.80005,0.051268,37.4696,2,0.9362,0.9362,13.4921,0.0185
general-instruct,ablation_placement_random_draw3,structure_familiar,pass,-0.019,,,fail,0.8235,-0.048,pass,0.80005,0.051268,37.4696,2,0.9302,0.9302,15.0396,0.0206
general-instruct,ablation_placement_random_draw3,structure_novel,pass,-0.0329,,,fail,0.7019,-0.048,pass,0.80005,0.051268,37.4696,2,0.94,0.94,12.3923,0.017
general-instruct,ablation_placement_uniform,all,pass,-0.0323,,,fail,0.7698,-0.026,pass,0.80005,0.033709,41.9028,2,0.9356,0.9356,20.5026,0.0165
general-instruct,ablation_placement_uniform,structure_familiar,pass,-0.0316,,,fail,0.8529,-0.026,pass,0.80005,0.033709,41.9028,2,0.9389,0.9389,23.1333,0.0186
general-instruct,ablation_placement_uniform,structure_novel,pass,-0.0329,,,fail,0.7019,-0.026,pass,0.80005,0.033709,41.9028,2,0.9314,0.9314,18.5941,0.015
general-instruct,ablation_rank_sweep_16,all,pass,-0.0189,,,pass,0.791,0.006,pass,0.33463,0.028799,33.2521,3,0.9479,0.9479,24.4235,0.0212
general-instruct,ablation_rank_sweep_16,structure_familiar,pass,-0.0127,,,pass,0.8647,0.006,pass,0.33463,0.028799,33.2521,3,0.948,0.948,27.3907,0.0237
general-instruct,ablation_rank_sweep_16,structure_novel,pass,-0.0235,,,pass,0.7308,0.006,pass,0.33463,0.028799,33.2521,3,0.9468,0.9468,22.2993,0.0193
general-instruct,ablation_rank_sweep_32,all,pass,-0.0189,,,fail,0.7275,-0.03,pass,0.66702,0.042741,33.6402,2,0.8942,0.8942,15.2003,0.0193
general-instruct,ablation_rank_sweep_32,structure_familiar,pass,-0.019,,,fail,0.7941,-0.03,pass,0.66702,0.042741,33.6402,2,0.8905,0.8905,17.1107,0.0217
general-instruct,ablation_rank_sweep_32,structure_novel,pass,-0.0188,,,fail,0.6731,-0.03,pass,0.66702,0.042741,33.6402,2,0.8963,0.8963,13.844,0.0176
general-instruct,ablation_rank_sweep_8,all,pass,-0.0162,,,pass,0.7884,0.002,pass,0.16759,0.018596,33.6582,3,0.9518,0.9518,38.0313,0.021
general-instruct,ablation_rank_sweep_8,structure_familiar,pass,-0.0127,,,pass,0.8647,0.002,pass,0.16759,0.018596,33.6582,3,0.9575,0.9575,42.9299,0.0237
general-instruct,ablation_rank_sweep_8,structure_novel,pass,-0.0188,,,pass,0.726,0.002,pass,0.16759,0.018596,33.6582,3,0.9465,0.9465,34.5168,0.0191
general-instruct,baseline_dart,all,fail,-0.0027,0.0463,0.0577,fail,0.7963,-0.0227,pass,0.80005,0.035958,49.9699,1,0.9345,0.9345,19.1872,0.0138
general-instruct,baseline_dart,structure_familiar,fail,-0.0063,0.0463,0.0577,fail,0.8647,-0.0227,pass,0.80005,0.035958,49.9699,1,0.935,0.935,21.5771,0.0155
general-instruct,baseline_dart,structure_novel,fail,0.0,0.0463,0.0577,fail,0.7404,-0.0227,pass,0.80005,0.035958,49.9699,1,0.9335,0.9335,17.4887,0.0126
general-instruct,baseline_fairnet,all,fail,-0.0216,0.0587,0.2275,fail,0.7857,-0.1287,pass,0.80005,0.033351,40.5645,1,0.9319,0.9319,20.6105,0.0169
general-instruct,baseline_fairnet,structure_familiar,fail,-0.0127,0.0587,0.2275,fail,0.8529,-0.1287,pass,0.80005,0.033351,40.5645,1,0.926,0.926,22.9948,0.0189
general-instruct,baseline_fairnet,structure_novel,fail,-0.0282,0.0587,0.2275,fail,0.7308,-0.1287,pass,0.80005,0.033351,40.5645,1,0.9355,0.9355,18.9173,0.0156
general-instruct,baseline_fairsteer,all,pass,-0.0323,0.0,,fail,-0.1455,-0.022,not_evaluable,,,,1,0.0,-1.0,,
general-instruct,baseline_fairsteer,structure_familiar,pass,-0.0316,0.0,,fail,-0.0882,-0.022,not_evaluable,,,,1,0.0,-1.0156,,
general-instruct,baseline_fairsteer,structure_novel,pass,-0.0329,0.0,,fail,-0.1923,-0.022,not_evaluable,,,,1,0.0,-1.0,,
general-instruct,baseline_igu_lora,all,fail,0.0027,-0.1048,0.1143,fail,0.7937,-0.15,pass,0.80005,0.042053,33.9008,1,0.9263,0.9263,16.2117,0.0201
general-instruct,baseline_igu_lora,structure_familiar,fail,0.019,-0.1048,0.1143,fail,0.8647,-0.15,pass,0.80005,0.042053,33.9008,1,0.9114,0.9114,17.8896,0.0222
general-instruct,baseline_igu_lora,structure_novel,fail,-0.0094,-0.1048,0.1143,fail,0.7356,-0.15,pass,0.80005,0.042053,33.9008,1,0.9357,0.9357,15.0067,0.0186
general-instruct,baseline_lftf,all,fail,-0.0216,0.0,0.0555,fail,0.7831,-0.072,pass,0.80005,0.061097,30.3434,1,0.9399,0.9399,11.3813,0.0229
general-instruct,baseline_lftf,structure_familiar,fail,-0.0127,0.0,0.0555,fail,0.8471,-0.072,pass,0.80005,0.061097,30.3434,1,0.9328,0.9328,12.6633,0.0255
general-instruct,baseline_lftf,structure_novel,fail,-0.0282,0.0,0.0555,fail,0.7308,-0.072,pass,0.80005,0.061097,30.3434,1,0.9446,0.9446,10.4746,0.0211
general-instruct,baseline_pedal,all,fail,-0.0323,0.0294,0.1938,fail,0.7275,-0.106,pass,0.80005,0.033074,41.5605,1,0.9068,0.9068,20.0253,0.0159
general-instruct,baseline_pedal,structure_familiar,fail,-0.0316,0.0294,0.1938,fail,0.8,-0.106,pass,0.80005,0.033074,41.5605,1,0.8997,0.8997,22.39,0.0178
general-instruct,baseline_pedal,structure_novel,fail,-0.0329,0.0294,0.1938,fail,0.6683,-0.106,pass,0.80005,0.033074,41.5605,1,0.9108,0.9108,18.3262,0.0146
general-instruct,baseline_regift,all,fail,0.0243,0.038,0.0193,pass,0.828,-0.014,pass,0.80005,0.034443,40.5112,2,0.9484,0.9484,20.436,0.0174
general-instruct,baseline_regift,structure_familiar,fail,0.0127,0.038,0.0193,pass,0.8882,-0.014,pass,0.80005,0.034443,40.5112,2,0.9529,0.9529,23.0447,0.0196
general-instruct,baseline_regift,structure_novel,fail,0.0329,0.038,0.0193,pass,0.7788,-0.014,pass,0.80005,0.034443,40.5112,2,0.945,0.945,18.5918,0.0158
general-instruct,graft_proposed,all,fail,-0.027,0.0669,0.121,fail,0.7646,-0.0533,pass,0.80005,0.043662,35.7979,1,0.9238,0.9238,15.5579,0.019
general-instruct,graft_proposed,structure_familiar,fail,-0.019,0.0669,0.121,fail,0.8529,-0.0533,pass,0.80005,0.043662,35.7979,1,0.9228,0.9228,17.4895,0.0213
general-instruct,graft_proposed,structure_novel,fail,-0.0329,0.0669,0.121,fail,0.6923,-0.0533,pass,0.80005,0.043662,35.7979,1,0.9219,0.9219,14.1373,0.0172
general-instruct,graft_proposed_loao_gender,all,fail,0.7177,-0.0209,0.1513,fail,0.8545,-0.026,pass,0.80211,0.041437,31.1684,1,0.2609,-0.5432,0.3944,0.0005
general-instruct,graft_proposed_loao_gender,structure_familiar,fail,0.9684,-0.0209,0.1513,fail,0.9118,-0.026,pass,0.80211,0.041437,31.1684,1,0.0,-1.0,-3.8405,-0.0051
general-instruct,graft_proposed_loao_gender,structure_novel,fail,0.5324,-0.0209,0.1513,fail,0.8077,-0.026,pass,0.80211,0.041437,31.1684,1,0.4138,-0.23,2.6345,0.0035
general-instruct,graft_proposed_loao_landholding,all,fail,0.018,-0.1093,0.2524,fail,0.4186,-0.022,pass,0.82069,0.02682,17.8216,1,0.2898,-0.4555,1.6873,0.0025
general-instruct,graft_proposed_loao_landholding,structure_familiar,fail,0.01,-0.1093,0.2524,fail,0.4561,-0.022,pass,0.82069,0.02682,17.8216,1,0.2386,-0.5728,2.9623,0.0045
general-instruct,graft_proposed_loao_landholding,structure_novel,fail,0.0246,-0.1093,0.2524,fail,0.3921,-0.022,pass,0.82069,0.02682,17.8216,1,0.33,-0.3561,0.945,0.0014
general-instruct,graft_proposed_loao_social_group,all,fail,0.4677,-0.0295,0.2102,fail,0.8076,-0.052,pass,0.77044,0.031669,18.7942,1,0.2165,-0.624,-0.8863,-0.0015
general-instruct,graft_proposed_loao_social_group,structure_familiar,fail,0.4756,-0.0295,0.2102,fail,0.8743,-0.052,pass,0.77044,0.031669,18.7942,1,0.3351,-0.4144,5.5578,0.0094
general-instruct,graft_proposed_loao_social_group,structure_novel,fail,0.4623,-0.0295,0.2102,fail,0.7541,-0.052,pass,0.77044,0.031669,18.7942,1,0.1268,-0.7804,-5.6147,-0.0095
general-instruct,graft_proposed_qlora_nf4,all,fail,-0.027,0.0674,0.1828,fail,0.7619,-0.038,fail,1.46684,0.042238,44.6656,0,0.9289,0.9289,16.2033,0.0153
general-instruct,graft_proposed_qlora_nf4,structure_familiar,fail,-0.019,0.0674,0.1828,fail,0.8412,-0.038,fail,1.46684,0.042238,44.6656,0,0.9267,0.9267,18.1729,0.0172
general-instruct,graft_proposed_qlora_nf4,structure_novel,fail,-0.0329,0.0674,0.1828,fail,0.6971,-0.038,fail,1.46684,0.042238,44.6656,0,0.9288,0.9288,14.7776,0.014
general-instruct,reference_vanilla_lora,all,fail,-0.027,-0.021,0.0887,pass,0.7804,-0.0107,pass,0.28006,0.015744,43.1728,2,0.9489,0.9489,44.7392,0.0163
general-instruct,reference_vanilla_lora,structure_familiar,fail,-0.0253,-0.021,0.0887,pass,0.8529,-0.0107,pass,0.28006,0.015744,43.1728,2,0.9546,0.9546,50.523,0.0184
general-instruct,reference_vanilla_lora,structure_novel,fail,-0.0282,-0.021,0.0887,pass,0.7212,-0.0107,pass,0.28006,0.015744,43.1728,2,0.9439,0.9439,40.6068,0.0148
general-instruct,reference_vanilla_lora_loao_gender,all,fail,0.4677,0.0251,0.0432,pass,0.8545,0.008,pass,0.28006,0.015873,38.1785,2,0.6667,0.3198,26.5948,0.0111
general-instruct,reference_vanilla_lora_loao_gender,structure_familiar,fail,0.4389,0.0251,0.0432,pass,0.9118,0.008,pass,0.28006,0.015873,38.1785,2,0.6923,0.3458,33.5897,0.014
general-instruct,reference_vanilla_lora_loao_gender,structure_novel,fail,0.4889,0.0251,0.0432,pass,0.8077,0.008,pass,0.28006,0.015873,38.1785,2,0.6471,0.3001,21.5732,0.009
general-instruct,reference_vanilla_lora_loao_landholding,all,fail,0.3324,0.0415,0.1577,pass,0.7071,-0.012,pass,0.28006,0.010153,21.5523,2,0.432,-0.19,18.4664,0.0087
general-instruct,reference_vanilla_lora_loao_landholding,structure_familiar,fail,0.1489,0.0415,0.1577,pass,0.6966,-0.012,pass,0.28006,0.010153,21.5523,2,0.4814,-0.09,31.7446,0.015
general-instruct,reference_vanilla_lora_loao_landholding,structure_novel,fail,0.4844,0.0415,0.1577,pass,0.7298,-0.012,pass,0.28006,0.010153,21.5523,2,0.3826,-0.2878,7.6799,0.0036
general-instruct,reference_vanilla_lora_loao_social_group,all,fail,0.6304,0.0925,0.1696,pass,0.8337,-0.002,pass,0.28006,0.011075,23.6204,2,0.4887,-0.086,22.0449,0.0103
general-instruct,reference_vanilla_lora_loao_social_group,structure_familiar,fail,0.5481,0.0925,0.1696,pass,0.9118,-0.002,pass,0.28006,0.011075,23.6204,2,0.5773,0.0782,37.7591,0.0177
general-instruct,reference_vanilla_lora_loao_social_group,structure_novel,fail,0.6856,0.0925,0.1696,pass,0.772,-0.002,pass,0.28006,0.011075,23.6204,2,0.4241,-0.2047,10.7897,0.0051
general-instruct,reference_vanilla_qlora,all,fail,-0.0135,0.0045,0.0637,fail,0.7937,-0.028,pass,0.51573,0.015417,53.0164,1,0.9545,0.9545,46.0511,0.0134
general-instruct,reference_vanilla_qlora,structure_familiar,fail,0.0,0.0045,0.0637,fail,0.8706,-0.028,pass,0.51573,0.015417,53.0164,1,0.9573,0.9573,51.7688,0.0151
general-instruct,reference_vanilla_qlora,structure_novel,fail,-0.0235,0.0045,0.0637,fail,0.7308,-0.028,pass,0.51573,0.015417,53.0164,1,0.9513,0.9513,41.9429,0.0122
general-instruct-2,ablation_no_condition_adaptive,all,pass,-0.372,,,fail,0.4815,-0.102,pass,0.70086,0.107528,11.5914,2,0.9102,0.9102,4.4761,0.0415
general-instruct-2,ablation_no_condition_adaptive,structure_familiar,pass,-0.4367,,,fail,0.6118,-0.102,pass,0.70086,0.107528,11.5914,2,0.9027,0.9027,5.2052,0.0483
general-instruct-2,ablation_no_condition_adaptive,structure_novel,pass,-0.3239,,,fail,0.375,-0.102,pass,0.70086,0.107528,11.5914,2,0.9154,0.9154,3.9916,0.037
general-instruct-2,ablation_no_rationale_loss,all,pass,-0.3423,,,fail,0.4683,-0.236,pass,0.70086,0.100569,10.6776,2,0.8878,0.8878,4.5628,0.043
general-instruct-2,ablation_no_rationale_loss,structure_familiar,pass,-0.3987,,,fail,0.5765,-0.236,pass,0.70086,0.100569,10.6776,2,0.8629,0.8629,5.1703,0.0487
general-instruct-2,ablation_no_rationale_loss,structure_novel,pass,-0.3005,,,fail,0.3798,-0.236,pass,0.70086,0.100569,10.6776,2,0.9068,0.9068,4.1826,0.0394
general-instruct-2,ablation_placement_random,all,pass,-0.3827,,,fail,0.5238,-0.076,pass,0.70086,0.112631,14.5234,2,0.9386,0.9386,4.5252,0.0351
general-instruct-2,ablation_placement_random,structure_familiar,pass,-0.4367,,,fail,0.6588,-0.076,pass,0.70086,0.112631,14.5234,2,0.9293,0.9293,5.2058,0.0404
general-instruct-2,ablation_placement_random,structure_novel,pass,-0.3427,,,fail,0.4135,-0.076,pass,0.70086,0.112631,14.5234,2,0.9446,0.9446,4.0701,0.0316
general-instruct-2,ablation_placement_random_draw2,all,pass,-0.3504,,,fail,0.5291,-0.036,pass,0.70086,0.116907,14.2887,2,0.9194,0.9194,4.1957,0.0343
general-instruct-2,ablation_placement_random_draw2,structure_familiar,pass,-0.4051,,,fail,0.6706,-0.036,pass,0.70086,0.116907,14.2887,2,0.9149,0.9149,4.8921,0.04
general-instruct-2,ablation_placement_random_draw2,structure_novel,pass,-0.3099,,,fail,0.4135,-0.036,pass,0.70086,0.116907,14.2887,2,0.9216,0.9216,3.7248,0.0305
general-instruct-2,ablation_placement_random_draw3,all,pass,-0.3396,,,pass,0.537,-0.016,pass,0.70086,0.112228,12.3884,3,0.933,0.933,4.4916,0.0407
general-instruct-2,ablation_placement_random_draw3,structure_familiar,pass,-0.3861,,,pass,0.6706,-0.016,pass,0.70086,0.112228,12.3884,3,0.9217,0.9217,5.1566,0.0467
general-instruct-2,ablation_placement_random_draw3,structure_novel,pass,-0.3052,,,pass,0.4279,-0.016,pass,0.70086,0.112228,12.3884,3,0.9406,0.9406,4.0489,0.0367
general-instruct-2,ablation_placement_uniform,all,pass,-0.372,,,fail,0.5265,-0.05,pass,0.70086,0.073867,17.4847,2,0.9479,0.9479,7.0252,0.0297
general-instruct-2,ablation_placement_uniform,structure_familiar,pass,-0.4177,,,fail,0.6647,-0.05,pass,0.70086,0.073867,17.4847,2,0.9419,0.9419,8.1077,0.0343
general-instruct-2,ablation_placement_uniform,structure_novel,pass,-0.338,,,fail,0.4135,-0.05,pass,0.70086,0.073867,17.4847,2,0.9513,0.9513,6.2963,0.0266
general-instruct-2,ablation_rank_sweep_16,all,pass,-0.3801,,,fail,0.4841,-0.044,pass,0.27138,0.072279,11.3385,2,0.9293,0.9293,6.9225,0.0441
general-instruct-2,ablation_rank_sweep_16,structure_familiar,pass,-0.4304,,,fail,0.6235,-0.044,pass,0.27138,0.072279,11.3385,2,0.9271,0.9271,8.0819,0.0515
general-instruct-2,ablation_rank_sweep_16,structure_novel,pass,-0.3427,,,fail,0.3702,-0.044,pass,0.27138,0.072279,11.3385,2,0.9298,0.9298,6.1383,0.0391
general-instruct-2,ablation_rank_sweep_32,all,pass,-0.3747,,,fail,0.5317,-0.1,pass,0.54129,0.098817,11.4592,2,0.9399,0.9399,5.1712,0.0446
general-instruct-2,ablation_rank_sweep_32,structure_familiar,pass,-0.4241,,,fail,0.6706,-0.1,pass,0.54129,0.098817,11.4592,2,0.9317,0.9317,5.9579,0.0514
general-instruct-2,ablation_rank_sweep_32,structure_novel,pass,-0.338,,,fail,0.4183,-0.1,pass,0.54129,0.098817,11.4592,2,0.9448,0.9448,4.6417,0.04
general-instruct-2,ablation_rank_sweep_8,all,pass,-0.3801,,,pass,0.5212,0.06,pass,0.13588,0.052122,11.3434,3,0.9503,0.9503,10.0029,0.046
general-instruct-2,ablation_rank_sweep_8,structure_familiar,pass,-0.4367,,,pass,0.6647,0.06,pass,0.13588,0.052122,11.3434,3,0.9607,0.9607,11.8512,0.0545
general-instruct-2,ablation_rank_sweep_8,structure_novel,pass,-0.338,,,pass,0.4038,0.06,pass,0.13588,0.052122,11.3434,3,0.9417,0.9417,8.7405,0.0402
general-instruct-2,baseline_dart,all,fail,-0.3747,0.0465,0.0155,fail,0.3466,-0.1487,pass,0.70086,0.078233,21.4396,1,0.8206,0.8206,5.0072,0.0183
general-instruct-2,baseline_dart,structure_familiar,fail,-0.4367,0.0465,0.0155,fail,0.4471,-0.1487,pass,0.70086,0.078233,21.4396,1,0.7976,0.7976,5.8107,0.0212
general-instruct-2,baseline_dart,structure_novel,fail,-0.3286,0.0465,0.0155,fail,0.2644,-0.1487,pass,0.70086,0.078233,21.4396,1,0.8388,0.8388,4.508,0.0164
general-instruct-2,baseline_fairnet,all,fail,-0.3531,-0.1465,0.2275,fail,0.3201,-0.172,pass,0.70086,0.069199,14.6737,1,0.7882,0.7882,5.1914,0.0245
general-instruct-2,baseline_fairnet,structure_familiar,fail,-0.3987,-0.1465,0.2275,fail,0.5294,-0.172,pass,0.70086,0.069199,14.6737,1,0.8234,0.8234,6.9433,0.0327
general-instruct-2,baseline_fairnet,structure_novel,fail,-0.3192,-0.1465,0.2275,fail,0.149,-0.172,pass,0.70086,0.069199,14.6737,1,0.7526,0.7526,3.8509,0.0182
general-instruct-2,baseline_fairsteer,all,fail,0.0566,0.0,,pass,0.0926,0.016,not_evaluable,,,,1,0.4782,0.4782,,
general-instruct-2,baseline_fairsteer,structure_familiar,fail,0.0443,0.0,,pass,0.1,0.016,not_evaluable,,,,1,0.4077,0.4077,,
general-instruct-2,baseline_fairsteer,structure_novel,fail,0.0657,0.0,,pass,0.0865,0.016,not_evaluable,,,,1,0.5282,0.5282,,
general-instruct-2,baseline_igu_lora,all,fail,-0.3423,0.0758,0.3743,fail,0.5212,-0.23,pass,0.70086,0.1047,11.2383,1,0.917,0.917,4.6614,0.0434
general-instruct-2,baseline_igu_lora,structure_familiar,fail,-0.3987,0.0758,0.3743,fail,0.6588,-0.23,pass,0.70086,0.1047,11.2383,1,0.9094,0.9094,5.4103,0.0504
general-instruct-2,baseline_igu_lora,structure_novel,fail,-0.3005,0.0758,0.3743,fail,0.4087,-0.23,pass,0.70086,0.1047,11.2383,1,0.9216,0.9216,4.1585,0.0387
general-instruct-2,baseline_lftf,all,fail,-0.1267,0.0,0.0717,fail,0.4021,-0.03,pass,0.06043,0.17445,7.0433,1,0.7004,0.7004,1.5564,0.0385
general-instruct-2,baseline_lftf,structure_familiar,fail,-0.1709,0.0,0.0717,fail,0.5706,-0.03,pass,0.06043,0.17445,7.0433,1,0.6876,0.6876,1.9755,0.0489
general-instruct-2,baseline_lftf,structure_novel,fail,-0.0939,0.0,0.0717,fail,0.2644,-0.03,pass,0.06043,0.17445,7.0433,1,0.7054,0.7054,1.2565,0.0311
general-instruct-2,baseline_pedal,all,fail,-0.3666,-0.0753,0.0955,fail,0.4841,-0.254,pass,0.70086,0.072005,15.1961,1,0.8972,0.8972,6.5036,0.0308
general-instruct-2,baseline_pedal,structure_familiar,fail,-0.4304,-0.0753,0.0955,fail,0.6294,-0.254,pass,0.70086,0.072005,15.1961,1,0.8889,0.8889,7.5814,0.0359
general-instruct-2,baseline_pedal,structure_novel,fail,-0.3192,-0.0753,0.0955,fail,0.3654,-0.254,pass,0.70086,0.072005,15.1961,1,0.9015,0.9015,5.7676,0.0273
general-instruct-2,baseline_regift,all,fail,-0.3558,-0.0253,0.0803,fail,0.5,-0.086,pass,0.70086,0.074663,14.9397,1,0.9119,0.9119,6.4688,0.0323
general-instruct-2,baseline_regift,structure_familiar,fail,-0.4051,-0.0253,0.0803,fail,0.6294,-0.086,pass,0.70086,0.074663,14.9397,1,0.902,0.902,7.4872,0.0374
general-instruct-2,baseline_regift,structure_novel,fail,-0.3192,-0.0253,0.0803,fail,0.3942,-0.086,pass,0.70086,0.074663,14.9397,1,0.9188,0.9188,5.7945,0.029
general-instruct-2,graft_proposed,all,fail,-0.3396,0.0337,0.1291,fail,0.5079,-0.1347,pass,0.70086,0.105169,12.2559,1,0.9105,0.9105,4.5789,0.0393
general-instruct-2,graft_proposed,structure_familiar,fail,-0.3797,0.0337,0.1291,fail,0.6588,-0.1347,pass,0.70086,0.105169,12.2559,1,0.9026,0.9026,5.3214,0.0457
general-instruct-2,graft_proposed,structure_novel,fail,-0.3099,0.0337,0.1291,fail,0.3846,-0.1347,pass,0.70086,0.105169,12.2559,1,0.9138,0.9138,4.0662,0.0349
general-instruct-2,graft_proposed_loao_gender,all,fail,0.5146,-0.0587,0.0673,fail,0.5926,-0.144,pass,0.70645,0.103233,10.6651,1,0.1818,-0.5973,-2.3936,-0.0232
general-instruct-2,graft_proposed_loao_gender,structure_familiar,fail,0.557,-0.0587,0.0673,fail,0.7176,-0.144,pass,0.70645,0.103233,10.6651,1,0.0,-1.0,-3.3222,-0.0322
general-instruct-2,graft_proposed_loao_gender,structure_novel,fail,0.4834,-0.0587,0.0673,fail,0.4904,-0.144,pass,0.70645,0.103233,10.6651,1,0.2963,-0.3295,-1.8393,-0.0178
general-instruct-2,graft_proposed_loao_landholding,all,fail,0.1932,0.0125,0.0418,fail,0.4259,-0.072,pass,0.71763,0.073634,6.0517,1,0.1278,-0.7195,-4.09,-0.0498
general-instruct-2,graft_proposed_loao_landholding,structure_familiar,fail,0.1681,0.0125,0.0418,fail,0.5404,-0.072,pass,0.71763,0.073634,6.0517,1,0.1281,-0.7129,-2.9183,-0.0355
general-instruct-2,graft_proposed_loao_landholding,structure_novel,fail,0.209,0.0125,0.0418,fail,0.3345,-0.072,pass,0.71763,0.073634,6.0517,1,0.1275,-0.7241,-4.8708,-0.0593
general-instruct-2,graft_proposed_loao_social_group,all,pass,-0.1529,-0.0589,-0.0115,fail,0.478,-0.19,pass,0.69527,0.078273,6.6231,2,0.1588,-0.6486,-3.4513,-0.0408
general-instruct-2,graft_proposed_loao_social_group,structure_familiar,pass,-0.1242,-0.0589,-0.0115,fail,0.5301,-0.19,pass,0.69527,0.078273,6.6231,2,0.246,-0.4222,-1.2391,-0.0146
general-instruct-2,graft_proposed_loao_social_group,structure_novel,pass,-0.168,-0.0589,-0.0115,fail,0.4279,-0.19,pass,0.69527,0.078273,6.6231,2,0.0923,-0.8032,-5.0319,-0.0595
general-instruct-2,graft_proposed_qlora_nf4,all,fail,-0.3504,-0.0587,0.0498,fail,0.5265,-0.134,fail,1.22959,0.105916,18.0102,0,0.9359,0.9359,4.7869,0.0282
general-instruct-2,graft_proposed_qlora_nf4,structure_familiar,fail,-0.3924,-0.0587,0.0498,fail,0.6647,-0.134,fail,1.22959,0.105916,18.0102,0,0.9322,0.9322,5.5629,0.0327
general-instruct-2,graft_proposed_qlora_nf4,structure_novel,fail,-0.3192,-0.0587,0.0498,fail,0.4135,-0.134,fail,1.22959,0.105916,18.0102,0,0.9378,0.9378,4.2643,0.0251
general-instruct-2,reference_vanilla_lora,all,fail,-0.3666,-0.0211,0.1754,pass,0.4894,-0.0007,pass,0.27138,0.04281,14.2945,2,0.9105,0.9105,11.2485,0.0337
general-instruct-2,reference_vanilla_lora,structure_familiar,fail,-0.4114,-0.0211,0.1754,pass,0.6353,-0.0007,pass,0.27138,0.04281,14.2945,2,0.9113,0.9113,13.2761,0.0398
general-instruct-2,reference_vanilla_lora,structure_novel,fail,-0.3333,-0.0211,0.1754,pass,0.3702,-0.0007,pass,0.27138,0.04281,14.2945,2,0.9084,0.9084,9.8635,0.0295
general-instruct-2,reference_vanilla_lora_loao_gender,all,fail,0.4146,-0.004,0.1221,pass,0.5926,0.01,pass,0.27138,0.043656,13.6071,2,0.3333,-0.225,-2.1895,-0.007
general-instruct-2,reference_vanilla_lora_loao_gender,structure_familiar,fail,0.557,-0.004,0.1221,pass,0.7176,0.01,pass,0.27138,0.043656,13.6071,2,0.0,-1.0,-7.856,-0.0252
general-instruct-2,reference_vanilla_lora_loao_gender,structure_novel,fail,0.3095,-0.004,0.1221,pass,0.4904,0.01,pass,0.27138,0.043656,13.6071,2,0.5161,0.2645,0.6862,0.0022
general-instruct-2,reference_vanilla_lora_loao_landholding,all,fail,-0.1905,-0.0162,0.102,pass,0.317,0.062,pass,0.27138,0.029814,7.5103,2,0.345,-0.155,-2.815,-0.0112
general-instruct-2,reference_vanilla_lora_loao_landholding,structure_familiar,fail,-0.2208,-0.0162,0.102,pass,0.4265,0.062,pass,0.27138,0.029814,7.5103,2,0.3696,-0.0579,0.8947,0.0036
general-instruct-2,reference_vanilla_lora_loao_landholding,structure_novel,fail,-0.1703,-0.0162,0.102,pass,0.2306,0.062,pass,0.27138,0.029814,7.5103,2,0.3234,-0.2315,-5.4594,-0.0217
general-instruct-2,reference_vanilla_lora_loao_social_group,all,fail,-0.0192,0.0126,0.0621,pass,0.3791,0.036,pass,0.27138,0.032749,8.2272,2,0.157,-0.6504,-8.3029,-0.0331
general-instruct-2,reference_vanilla_lora_loao_social_group,structure_familiar,fail,-0.0083,0.0126,0.0621,pass,0.5051,0.036,pass,0.27138,0.032749,8.2272,2,0.2652,-0.3698,-2.3757,-0.0095
general-instruct-2,reference_vanilla_lora_loao_social_group,structure_novel,fail,-0.0223,0.0126,0.0621,pass,0.2761,0.036,pass,0.27138,0.032749,8.2272,2,0.074,-0.8424,-12.5854,-0.0501
general-instruct-2,reference_vanilla_qlora,all,fail,-0.3477,-0.0422,0.2531,pass,0.5423,-0.018,pass,0.47767,0.043677,19.2685,2,0.9314,0.9314,11.5043,0.0261
general-instruct-2,reference_vanilla_qlora,structure_familiar,fail,-0.3924,-0.0422,0.2531,pass,0.6706,-0.018,pass,0.47767,0.043677,19.2685,2,0.9183,0.9183,13.1724,0.0299
general-instruct-2,reference_vanilla_qlora,structure_novel,fail,-0.3146,-0.0422,0.2531,pass,0.4375,-0.018,pass,0.47767,0.043677,19.2685,2,0.9407,0.9407,10.4055,0.0236
small-instruct,ablation_no_condition_adaptive,all,pass,-0.434,,,pass,0.4153,0.172,pass,0.82593,0.033017,5.6897,3,0.9406,0.9406,16.7992,0.0975
small-instruct,ablation_no_condition_adaptive,structure_familiar,pass,-0.4747,,,pass,0.5412,0.172,pass,0.82593,0.033017,5.6897,3,0.9424,0.9424,18.3398,0.1064
small-instruct,ablation_no_condition_adaptive,structure_novel,pass,-0.4038,,,pass,0.3125,0.172,pass,0.82593,0.033017,5.6897,3,0.9383,0.9383,15.6611,0.0909
small-instruct,ablation_no_rationale_loss,all,pass,-0.407,,,pass,0.463,0.168,pass,0.82593,0.030473,4.4392,3,0.9407,0.9407,18.203,0.125
small-instruct,ablation_no_rationale_loss,structure_familiar,pass,-0.4367,,,pass,0.5824,0.168,pass,0.82593,0.030473,4.4392,3,0.9264,0.9264,19.3471,0.1328
small-instruct,ablation_no_rationale_loss,structure_novel,pass,-0.385,,,pass,0.3654,0.168,pass,0.82593,0.030473,4.4392,3,0.9501,0.9501,17.3559,0.1191
small-instruct,ablation_placement_random,all,pass,-0.4313,,,pass,0.4471,0.148,pass,0.82593,0.035583,5.7007,3,0.9585,0.9585,16.0905,0.1004
small-instruct,ablation_placement_random,structure_familiar,pass,-0.4747,,,pass,0.5647,0.148,pass,0.82593,0.035583,5.7007,3,0.9575,0.9575,17.4414,0.1089
small-instruct,ablation_placement_random,structure_novel,pass,-0.3991,,,pass,0.351,0.148,pass,0.82593,0.035583,5.7007,3,0.9589,0.9589,15.1087,0.0943
small-instruct,ablation_placement_random_draw2,all,pass,-0.4259,,,pass,0.4418,0.186,pass,0.82593,0.034833,5.6658,3,0.9532,0.9532,16.2837,0.1001
small-instruct,ablation_placement_random_draw2,structure_familiar,pass,-0.462,,,pass,0.5647,0.186,pass,0.82593,0.034833,5.6658,3,0.9543,0.9543,17.7266,0.109
small-instruct,ablation_placement_random_draw2,structure_novel,pass,-0.3991,,,pass,0.3413,0.186,pass,0.82593,0.034833,5.6658,3,0.9516,0.9516,15.225,0.0936
small-instruct,ablation_placement_random_draw3,all,pass,-0.4259,,,pass,0.4418,0.166,pass,0.82593,0.037565,5.6976,3,0.9532,0.9532,15.0994,0.0996
small-instruct,ablation_placement_random_draw3,structure_familiar,pass,-0.462,,,pass,0.5647,0.166,pass,0.82593,0.037565,5.6976,3,0.948,0.948,16.2683,0.1073
small-instruct,ablation_placement_random_draw3,structure_novel,pass,-0.3991,,,pass,0.3413,0.166,pass,0.82593,0.037565,5.6976,3,0.956,0.956,14.2359,0.0939
small-instruct,ablation_placement_uniform,all,pass,-0.4286,,,pass,0.4418,0.186,pass,0.82593,0.02233,6.9988,3,0.9466,0.9466,25.1063,0.0801
small-instruct,ablation_placement_uniform,structure_familiar,pass,-0.4684,,,pass,0.5647,0.186,pass,0.82593,0.02233,6.9988,3,0.9415,0.9415,27.0793,0.0864
small-instruct,ablation_placement_uniform,structure_novel,pass,-0.3991,,,pass,0.3413,0.186,pass,0.82593,0.02233,6.9988,3,0.9493,0.9493,23.6498,0.0755
small-instruct,ablation_rank_sweep_16,all,pass,-0.4313,,,pass,0.4259,0.178,pass,0.37697,0.022847,5.5415,3,0.9475,0.9475,24.5777,0.1013
small-instruct,ablation_rank_sweep_16,structure_familiar,pass,-0.4747,,,pass,0.5588,0.178,pass,0.37697,0.022847,5.5415,3,0.9545,0.9545,27.0337,0.1115
small-instruct,ablation_rank_sweep_16,structure_novel,pass,-0.3991,,,pass,0.3173,0.178,pass,0.37697,0.022847,5.5415,3,0.9409,0.9409,22.7468,0.0938
small-instruct,ablation_rank_sweep_32,all,pass,-0.4259,,,pass,0.4312,0.16,pass,0.75111,0.033538,5.5757,3,0.9333,0.9333,16.3183,0.0982
small-instruct,ablation_rank_sweep_32,structure_familiar,pass,-0.462,,,pass,0.5588,0.16,pass,0.75111,0.033538,5.5757,3,0.9256,0.9256,17.5544,0.1056
small-instruct,ablation_rank_sweep_32,structure_novel,pass,-0.3991,,,pass,0.3269,0.16,pass,0.75111,0.033538,5.5757,3,0.9373,0.9373,15.3874,0.0926
small-instruct,ablation_rank_sweep_8,all,pass,-0.3989,,,pass,0.4524,0.148,pass,0.18884,0.016349,5.4835,3,0.9452,0.9452,34.2048,0.102
small-instruct,ablation_rank_sweep_8,structure_familiar,pass,-0.4494,,,pass,0.5706,0.148,pass,0.18884,0.016349,5.4835,3,0.9509,0.9509,37.5571,0.112
small-instruct,ablation_rank_sweep_8,structure_novel,pass,-0.3615,,,pass,0.3558,0.148,pass,0.18884,0.016349,5.4835,3,0.9406,0.9406,31.7686,0.0947
small-instruct,baseline_dart,all,fail,-0.4367,0.1603,0.2376,pass,0.4206,0.1807,pass,0.82593,0.023683,9.38,2,0.9383,0.9383,23.322,0.0589
small-instruct,baseline_dart,structure_familiar,fail,-0.481,0.1603,0.2376,pass,0.5471,0.1807,pass,0.82593,0.023683,9.38,2,0.936,0.936,25.299,0.0639
small-instruct,baseline_dart,structure_novel,fail,-0.4038,0.1603,0.2376,pass,0.3173,0.1807,pass,0.82593,0.023683,9.38,2,0.9388,0.9388,21.8524,0.0552
small-instruct,baseline_fairnet,all,fail,-0.4232,0.0291,0.2926,pass,0.4418,0.154,pass,0.82593,0.020468,5.8468,2,0.9345,0.9345,26.7999,0.0938
small-instruct,baseline_fairnet,structure_familiar,fail,-0.4557,0.0291,0.2926,pass,0.5647,0.154,pass,0.82593,0.020468,5.8468,2,0.9217,0.9217,28.5736,0.1
small-instruct,baseline_fairnet,structure_novel,fail,-0.3991,0.0291,0.2926,pass,0.3413,0.154,pass,0.82593,0.020468,5.8468,2,0.9426,0.9426,25.4709,0.0892
small-instruct,baseline_fairsteer,all,pass,-0.0809,0.0,,fail,-0.1111,-0.054,not_evaluable,,,,1,0.3762,0.1527,,
small-instruct,baseline_fairsteer,structure_familiar,pass,-0.0823,0.0,,fail,-0.1294,-0.054,not_evaluable,,,,1,0.3014,-0.0319,,
small-instruct,baseline_fairsteer,structure_novel,pass,-0.0798,0.0,,fail,-0.0962,-0.054,not_evaluable,,,,1,0.4223,0.2584,,
small-instruct,baseline_igu_lora,all,fail,-0.4232,0.0585,0.1335,pass,0.4286,0.126,pass,0.82593,0.028555,4.5027,2,0.9319,0.9319,19.119,0.1212
small-instruct,baseline_igu_lora,structure_familiar,fail,-0.462,0.0585,0.1335,pass,0.5471,0.126,pass,0.82593,0.028555,4.5027,2,0.9264,0.9264,20.6472,0.1309
small-instruct,baseline_igu_lora,structure_novel,fail,-0.3944,0.0585,0.1335,pass,0.3317,0.126,pass,0.82593,0.028555,4.5027,2,0.9353,0.9353,18.0034,0.1142
small-instruct,baseline_lftf,all,fail,-0.3531,0.0,0.0545,pass,0.4127,0.042,pass,0.82593,0.045291,4.0606,2,0.8799,0.8799,10.9063,0.1216
small-instruct,baseline_lftf,structure_familiar,fail,-0.4241,0.0,0.0545,pass,0.5294,0.042,pass,0.82593,0.045291,4.0606,2,0.8815,0.8815,12.0258,0.1341
small-instruct,baseline_lftf,structure_novel,fail,-0.3005,0.0,0.0545,pass,0.3173,0.042,pass,0.82593,0.045291,4.0606,2,0.8785,0.8785,10.0949,0.1126
small-instruct,baseline_pedal,all,fail,-0.434,0.1391,0.2327,pass,0.4286,0.192,pass,0.82593,0.019534,6.0172,2,0.9398,0.9398,28.3535,0.092
small-instruct,baseline_pedal,structure_familiar,fail,-0.4747,0.1391,0.2327,pass,0.5588,0.192,pass,0.82593,0.019534,6.0172,2,0.9386,0.9386,30.8079,0.1
small-instruct,baseline_pedal,structure_novel,fail,-0.4038,0.1391,0.2327,pass,0.3221,0.192,pass,0.82593,0.019534,6.0172,2,0.9392,0.9392,26.5143,0.0861
small-instruct,baseline_regift,all,fail,-0.4259,0.1685,0.3361,pass,0.4392,0.196,pass,0.82593,0.023252,7.0074,2,0.9413,0.9413,23.8815,0.0792
small-instruct,baseline_regift,structure_familiar,fail,-0.462,0.1685,0.3361,pass,0.5647,0.196,pass,0.82593,0.023252,7.0074,2,0.9317,0.9317,25.5832,0.0849
small-instruct,baseline_regift,structure_novel,fail,-0.3991,0.1685,0.3361,pass,0.3365,0.196,pass,0.82593,0.023252,7.0074,2,0.9468,0.9468,22.6035,0.075
small-instruct,graft_proposed,all,fail,-0.4178,0.1808,0.2611,pass,0.4392,0.1707,pass,0.82593,0.032259,5.779,2,0.9332,0.9332,16.9633,0.0947
small-instruct,graft_proposed,structure_familiar,fail,-0.4557,0.1808,0.2611,pass,0.5647,0.1707,pass,0.82593,0.032259,5.779,2,0.9284,0.9284,18.3372,0.1024
small-instruct,graft_proposed,structure_novel,fail,-0.3897,0.1808,0.2611,pass,0.3365,0.1707,pass,0.82593,0.032259,5.779,2,0.9355,0.9355,15.9427,0.089
small-instruct,graft_proposed_loao_gender,all,fail,0.4633,0.076,0.1306,pass,0.5026,0.168,pass,0.82095,0.031451,5.2191,2,0.1818,-0.5011,-6.4915,-0.0391
small-instruct,graft_proposed_loao_gender,structure_familiar,fail,0.519,0.076,0.1306,pass,0.6118,0.168,pass,0.82095,0.031451,5.2191,2,0.0,-1.0,-10.7101,-0.0645
small-instruct,graft_proposed_loao_gender,structure_novel,fail,0.4223,0.076,0.1306,pass,0.4135,0.168,pass,0.82095,0.031451,5.2191,2,0.2963,-0.1745,-3.973,-0.0239
small-instruct,graft_proposed_loao_landholding,all,fail,-0.4367,0.164,0.2952,pass,0.1437,0.202,pass,0.82593,0.020719,2.981,2,0.4992,0.4992,5.466,0.038
small-instruct,graft_proposed_loao_landholding,structure_familiar,fail,-0.481,0.164,0.2952,pass,0.232,0.202,pass,0.82593,0.020719,2.981,2,0.4884,0.4884,7.3148,0.0508
small-instruct,graft_proposed_loao_landholding,structure_novel,fail,-0.4038,0.164,0.2952,pass,0.0758,0.202,pass,0.82593,0.020719,2.981,2,0.5094,0.5094,4.2528,0.0296
small-instruct,graft_proposed_loao_social_group,all,fail,-0.0471,0.1809,0.3366,pass,0.4037,0.078,pass,0.82759,0.02139,3.2811,2,0.1295,-0.6493,-11.9904,-0.0782
small-instruct,graft_proposed_loao_social_group,structure_familiar,fail,-0.0462,0.1809,0.3366,pass,0.4993,0.078,pass,0.82759,0.02139,3.2811,2,0.2051,-0.4051,-6.1596,-0.0402
small-instruct,graft_proposed_loao_social_group,structure_novel,fail,-0.0445,0.1809,0.3366,pass,0.3242,0.078,pass,0.82759,0.02139,3.2811,2,0.0745,-0.8073,-16.2112,-0.1057
small-instruct,graft_proposed_qlora_nf4,all,fail,-0.4286,0.1433,0.1434,pass,0.4418,0.142,fail,1.46191,0.033059,9.0191,1,0.9493,0.9493,17.0383,0.0625
small-instruct,graft_proposed_qlora_nf4,structure_familiar,fail,-0.4684,0.1433,0.1434,pass,0.5647,0.142,fail,1.46191,0.033059,9.0191,1,0.9512,0.9512,18.5821,0.0681
small-instruct,graft_proposed_qlora_nf4,structure_novel,fail,-0.3991,0.1433,0.1434,pass,0.3413,0.142,fail,1.46191,0.033059,9.0191,1,0.9471,0.9471,15.9065,0.0583
small-instruct,reference_vanilla_lora,all,fail,-0.434,0.0925,0.1678,pass,0.4444,0.1913,pass,0.37697,0.014105,5.8239,2,0.9506,0.9506,40.0306,0.0969
small-instruct,reference_vanilla_lora,structure_familiar,fail,-0.4747,0.0925,0.1678,pass,0.5647,0.1913,pass,0.37697,0.014105,5.8239,2,0.948,0.948,43.3275,0.1049
small-instruct,reference_vanilla_lora,structure_novel,fail,-0.4038,0.0925,0.1678,pass,0.3462,0.1913,pass,0.37697,0.014105,5.8239,2,0.9519,0.9519,37.6194,0.0911
small-instruct,reference_vanilla_lora_loao_gender,all,fail,0.5133,0.1517,0.2687,pass,0.5026,0.178,pass,0.37697,0.014914,6.2786,2,0.0,-1.0,-25.8806,-0.0615
small-instruct,reference_vanilla_lora_loao_gender,structure_familiar,fail,0.519,0.1517,0.2687,pass,0.6118,0.178,pass,0.37697,0.014914,6.2786,2,0.0,-1.0,-22.5858,-0.0536
small-instruct,reference_vanilla_lora_loao_gender,structure_novel,fail,0.5093,0.1517,0.2687,pass,0.4135,0.178,pass,0.37697,0.014914,6.2786,2,0.0,-1.0,-28.2453,-0.0671
small-instruct,reference_vanilla_lora_loao_landholding,all,fail,-0.4367,0.143,0.2702,pass,0.1309,0.198,pass,0.37697,0.010322,3.6067,2,0.5509,0.5509,15.9791,0.0457
small-instruct,reference_vanilla_lora_loao_landholding,structure_familiar,fail,-0.481,0.143,0.2702,pass,0.2067,0.198,pass,0.37697,0.010322,3.6067,2,0.5178,0.5178,17.5288,0.0502
small-instruct,reference_vanilla_lora_loao_landholding,structure_novel,fail,-0.4038,0.143,0.2702,pass,0.0758,0.198,pass,0.37697,0.010322,3.6067,2,0.5809,0.5809,15.4636,0.0443
small-instruct,reference_vanilla_lora_loao_social_group,all,fail,0.3599,0.1346,0.3792,pass,0.4974,0.17,pass,0.37697,0.011146,3.9485,2,0.1405,-0.6198,-22.0253,-0.0622
small-instruct,reference_vanilla_lora_loao_social_group,structure_familiar,fail,0.3016,0.1346,0.3792,pass,0.5993,0.17,pass,0.37697,0.011146,3.9485,2,0.1598,-0.5478,-15.8807,-0.0448
small-instruct,reference_vanilla_lora_loao_social_group,structure_novel,fail,0.4021,0.1346,0.3792,pass,0.4135,0.17,pass,0.37697,0.011146,3.9485,2,0.1273,-0.6659,-26.3751,-0.0745
small-instruct,reference_vanilla_qlora,all,fail,-0.4232,0.0674,0.3777,pass,0.4418,0.136,pass,0.66957,0.014163,8.3621,2,0.9479,0.9479,39.6772,0.0672
small-instruct,reference_vanilla_qlora,structure_familiar,fail,-0.462,0.0674,0.3777,pass,0.5765,0.136,pass,0.66957,0.014163,8.3621,2,0.9505,0.9505,43.3282,0.0734
small-instruct,reference_vanilla_qlora,structure_novel,fail,-0.3944,0.0674,0.3777,pass,0.3317,0.136,pass,0.66957,0.014163,8.3621,2,0.9443,0.9443,36.9301,0.0625
