method_name,base_model_name,base_model_revision_hash,weight_update_type,lora_rank_budget,fraction_of_analyzed_matrices_adapted,module_coverage_fraction,bf16_aware_update_sparsity_mean,principal_angle_rotation_left_subspace_mean_degrees,principal_angle_rotation_right_subspace_mean_degrees,principal_angle_rotation_max_degrees,normalized_spectral_shift_mean,update_mask_overlap_with_principal_mask_mean,update_mask_overlap_with_low_magnitude_mask_mean,stable_rank_of_update_mean,frobenius_norm_of_update_mean,relative_frobenius_drift_mean,hill_tail_exponent_mean,parameter_space_regime_label,regime_anchor_method_name,contextual_awareness_metric_post_repair,difference_aware_metric_post_repair,contextual_awareness_preservation_relative_to_base,trainable_parameter_percentage,number_of_analyzed_matrices,quantization_setting,random_seed
ablation_no_condition_adaptive,small-instruct,0cb88a4f764b7a12671c53f0838cd831a0843b95,merged_low_rank_adapter_update,11-64,0.2386,0.4975,0.069587,0.91,0.9283,53.0446,0.000898,0.4955,0.5244,2.9729,2.223485,0.033017,1.7445,relaxed_off_principal,reference_vanilla_lora,0.916,0.9704,2.4036,0.8259313815361078,47,bf16_full,42
ablation_no_rationale_loss,small-instruct,0cb88a4f764b7a12671c53f0838cd831a0843b95,merged_low_rank_adapter_update,11-64,0.2386,0.4975,0.075305,0.8713,0.8916,52.6395,0.000743,0.4951,0.5265,3.3644,2.002997,0.030473,1.7865,relaxed_off_principal,reference_vanilla_lora,0.958,0.9218,2.5138,0.8259313815361078,47,bf16_full,42
ablation_placement_random,small-instruct,0cb88a4f764b7a12671c53f0838cd831a0843b95,merged_low_rank_adapter_update,11-64,0.2386,0.4975,0.07016,0.907,0.9195,59.1435,0.002229,0.4955,0.5248,2.491,2.588092,0.035583,1.6979,relaxed_off_principal,reference_vanilla_lora,0.945,0.973,2.4797,0.8259313815361078,47,bf16_full,42
ablation_placement_random_draw2,small-instruct,0cb88a4f764b7a12671c53f0838cd831a0843b95,merged_low_rank_adapter_update,11-64,0.2386,0.4975,0.070242,0.9636,0.9764,57.6411,0.001407,0.4959,0.5248,2.9684,2.464534,0.034833,1.8232,relaxed_off_principal,reference_vanilla_lora,0.9398,0.9677,2.466,0.8259313815361078,47,bf16_full,42
ablation_placement_random_draw3,small-instruct,0cb88a4f764b7a12671c53f0838cd831a0843b95,merged_low_rank_adapter_update,11-64,0.2386,0.4975,0.065041,0.9083,0.9273,59.539,0.002465,0.4966,0.5224,2.4401,2.635181,0.037565,1.6854,relaxed_off_principal,reference_vanilla_lora,0.9398,0.9677,2.466,0.8259313815361078,47,bf16_full,42
ablation_placement_uniform,small-instruct,0cb88a4f764b7a12671c53f0838cd831a0843b95,merged_low_rank_adapter_update,17-18,0.2437,0.9949,0.0959,0.5067,0.515,44.4859,0.000515,0.4946,0.5337,2.6093,1.577215,0.02233,1.8945,relaxed_off_principal,reference_vanilla_lora,0.939,0.9542,2.4639,0.8259313815361078,48,bf16_full,42
ablation_rank_sweep_16,small-instruct,0cb88a4f764b7a12671c53f0838cd831a0843b95,merged_low_rank_adapter_update,16-16,0.2386,0.4975,0.0976,0.489,0.4961,42.615,0.000556,0.4938,0.5346,2.411,1.54162,0.022847,1.6798,relaxed_off_principal,reference_vanilla_lora,0.9256,0.973,2.4288,0.37696990750075493,47,bf16_full,42
ablation_rank_sweep_32,small-instruct,0cb88a4f764b7a12671c53f0838cd831a0843b95,merged_low_rank_adapter_update,32-32,0.2386,0.4975,0.063339,0.9057,0.9218,56.0072,0.00096,0.496,0.5221,3.1825,2.253237,0.033538,1.8969,relaxed_off_principal,reference_vanilla_lora,0.928,0.938,2.4351,0.7511083625021551,47,bf16_full,42
ablation_rank_sweep_8,small-instruct,0cb88a4f764b7a12671c53f0838cd831a0843b95,merged_low_rank_adapter_update,8-8,0.2386,0.4975,0.143138,0.2822,0.2854,33.4325,0.000331,0.4908,0.5523,1.9163,1.108108,0.016349,0.0679,relaxed_off_principal,reference_vanilla_lora,0.9484,0.9407,2.4886,0.1888408904153386,47,bf16_full,42
baseline_dart,small-instruct,0cb88a4f764b7a12671c53f0838cd831a0843b95,merged_low_rank_adapter_update,17-18,0.2437,0.9949,0.090381,0.542,0.5498,47.5988,0.000575,0.4949,0.5317,2.5571,1.677086,0.023805,1.8856,relaxed_off_principal,reference_vanilla_lora,0.9448,0.9389,2.4791,,48,bf16_full,42
baseline_dart,small-instruct,0cb88a4f764b7a12671c53f0838cd831a0843b95,merged_low_rank_adapter_update,17-18,0.2437,0.9949,0.089463,0.5477,0.5561,45.6906,0.000606,0.4948,0.5314,2.6331,1.680431,0.023825,1.8699,relaxed_off_principal,reference_vanilla_lora,0.9448,0.9389,2.4791,,48,bf16_full,43
baseline_dart,small-instruct,0cb88a4f764b7a12671c53f0838cd831a0843b95,merged_low_rank_adapter_update,17-18,0.2437,0.9949,0.09289,0.5239,0.5321,43.5874,0.000562,0.4946,0.5327,2.6692,1.644384,0.023419,1.93,relaxed_off_principal,reference_vanilla_lora,0.9448,0.9389,2.4791,,48,bf16_full,44
baseline_fairnet,small-instruct,0cb88a4f764b7a12671c53f0838cd831a0843b95,merged_low_rank_adapter_update,17-18,0.2437,0.9949,0.105053,0.495,0.5033,38.381,0.000399,0.494,0.5372,3.0046,1.423705,0.020553,2.084,relaxed_off_principal,reference_vanilla_lora,0.9383,0.9425,2.4621,,48,bf16_full,42
baseline_fairnet,small-instruct,0cb88a4f764b7a12671c53f0838cd831a0843b95,merged_low_rank_adapter_update,17-18,0.2437,0.9949,0.107537,0.4763,0.4833,35.5338,0.000403,0.4937,0.5382,3.0272,1.410391,0.020098,1.9875,relaxed_off_principal,reference_vanilla_lora,0.9383,0.9425,2.4621,,48,bf16_full,43
baseline_fairnet,small-instruct,0cb88a4f764b7a12671c53f0838cd831a0843b95,merged_low_rank_adapter_update,17-18,0.2437,0.9949,0.103346,0.496,0.5042,36.3671,0.000415,0.494,0.5365,2.8995,1.446588,0.020752,1.9774,relaxed_off_principal,reference_vanilla_lora,0.9383,0.9425,2.4621,,48,bf16_full,44
baseline_igu_lora,small-instruct,0cb88a4f764b7a12671c53f0838cd831a0843b95,merged_low_rank_adapter_update,11-64,0.2386,0.4975,0.07757,0.8528,0.8713,49.7068,0.000644,0.4949,0.5273,3.7966,1.904325,0.028555,1.9654,relaxed_off_principal,reference_vanilla_lora,0.9255,0.938,2.4285,,47,bf16_full,42
baseline_lftf,small-instruct,0cb88a4f764b7a12671c53f0838cd831a0843b95,merged_low_rank_adapter_update,54-55,0.2335,0.3198,0.049825,1.2368,1.2558,73.0999,0.002071,0.4976,0.5172,2.4066,3.193939,0.045291,1.7389,relaxed_off_principal,reference_vanilla_lora,0.9029,0.8518,2.3692,,46,bf16_full,42
baseline_pedal,small-instruct,0cb88a4f764b7a12671c53f0838cd831a0843b95,merged_low_rank_adapter_update,17-18,0.2437,0.9949,0.111045,0.467,0.4744,34.9388,0.000413,0.4936,0.5396,3.2264,1.364108,0.019534,2.1079,relaxed_off_principal,reference_vanilla_lora,0.9267,0.9542,2.4316,,48,bf16_full,42
baseline_regift,small-instruct,0cb88a4f764b7a12671c53f0838cd831a0843b95,merged_low_rank_adapter_update,17-18,0.2437,0.9949,0.092568,0.5312,0.5389,47.4112,0.000542,0.4949,0.5325,2.3775,1.642251,0.023252,1.824,relaxed_off_principal,reference_vanilla_lora,0.936,0.9461,2.456,,48,bf16_full,42
graft_proposed,small-instruct,0cb88a4f764b7a12671c53f0838cd831a0843b95,merged_low_rank_adapter_update,11-64,0.2386,0.4975,0.0715,0.8906,0.9088,54.7216,0.000845,0.4954,0.5251,2.9639,2.157087,0.032199,1.817,relaxed_off_principal,reference_vanilla_lora,0.9396,0.9515,2.4656,0.8259313815361078,47,bf16_full,42
graft_proposed,small-instruct,0cb88a4f764b7a12671c53f0838cd831a0843b95,merged_low_rank_adapter_update,11-64,0.2386,0.4975,0.070085,0.9083,0.9264,55.4981,0.00086,0.4955,0.5246,3.1285,2.178214,0.032639,1.7874,relaxed_off_principal,reference_vanilla_lora,0.9396,0.9515,2.4656,0.8259313815361078,47,bf16_full,43
graft_proposed,small-instruct,0cb88a4f764b7a12671c53f0838cd831a0843b95,merged_low_rank_adapter_update,11-64,0.2386,0.4975,0.071289,0.9081,0.926,52.7195,0.000816,0.4954,0.525,3.2889,2.134019,0.031939,1.8111,relaxed_off_principal,reference_vanilla_lora,0.9396,0.9515,2.4656,0.8259313815361078,47,bf16_full,44
graft_proposed_loao_gender,small-instruct,0cb88a4f764b7a12671c53f0838cd831a0843b95,merged_low_rank_adapter_update,11-64,0.2386,0.4975,0.073062,0.8873,0.9056,53.1465,0.000792,0.4953,0.5257,3.0734,2.104413,0.031451,1.8172,relaxed_off_principal,reference_vanilla_lora,,,,0.8209466903077396,47,bf16_full,42
graft_proposed_loao_landholding,small-instruct,0cb88a4f764b7a12671c53f0838cd831a0843b95,merged_low_rank_adapter_update,12-64,0.2386,0.4975,0.106089,0.579,0.5913,37.3843,0.000402,0.493,0.538,3.3284,1.386034,0.020719,1.9585,relaxed_off_principal,reference_vanilla_lora,,,,0.8259313815361078,47,bf16_full,42
graft_proposed_loao_social_group,small-instruct,0cb88a4f764b7a12671c53f0838cd831a0843b95,merged_low_rank_adapter_update,11-64,0.2386,0.4975,0.103324,0.5865,0.5996,36.2303,0.000424,0.4931,0.537,3.3483,1.429114,0.02139,1.9422,relaxed_off_principal,reference_vanilla_lora,,,,0.8275928339349097,47,bf16_full,42
graft_proposed_qlora_nf4,small-instruct,0cb88a4f764b7a12671c53f0838cd831a0843b95,merged_low_rank_adapter_update,11-64,0.2386,0.4975,0.068811,0.9356,0.9561,54.0163,0.000868,0.4956,0.5241,3.2471,2.216519,0.033059,1.8016,relaxed_off_principal,reference_vanilla_lora,0.9393,0.9596,2.4647,1.4619061792937376,47,nf4_4bit,42
reference_vanilla_lora,small-instruct,0cb88a4f764b7a12671c53f0838cd831a0843b95,merged_low_rank_adapter_update,8,0.2437,0.9949,0.158459,0.2671,0.2698,26.9837,0.000263,0.4906,0.5583,2.3727,1.003405,0.014151,0.0672,relaxed_off_principal,reference_vanilla_lora,0.9425,0.8886,2.4732,,48,bf16_full,42
reference_vanilla_lora,small-instruct,0cb88a4f764b7a12671c53f0838cd831a0843b95,merged_low_rank_adapter_update,8,0.2437,0.9949,0.164701,0.2608,0.2638,27.2814,0.000249,0.4901,0.5612,2.3162,0.977084,0.013779,0.0672,relaxed_off_principal,reference_vanilla_lora,0.9425,0.8886,2.4732,,48,bf16_full,43
reference_vanilla_lora,small-instruct,0cb88a4f764b7a12671c53f0838cd831a0843b95,merged_low_rank_adapter_update,8,0.2437,0.9949,0.156833,0.2656,0.2688,27.1685,0.000268,0.4909,0.5577,2.2228,1.016646,0.014384,0.0674,relaxed_off_principal,reference_vanilla_lora,0.9425,0.8886,2.4732,,48,bf16_full,44
reference_vanilla_lora_loao_gender,small-instruct,0cb88a4f764b7a12671c53f0838cd831a0843b95,merged_low_rank_adapter_update,8,0.2437,0.9949,0.151779,0.2622,0.2654,29.8412,0.000292,0.4912,0.5555,2.0477,1.067965,0.014914,0.0676,relaxed_off_principal,reference_vanilla_lora,,,,0.37696990750075493,48,bf16_full,42
reference_vanilla_lora_loao_landholding,small-instruct,0cb88a4f764b7a12671c53f0838cd831a0843b95,merged_low_rank_adapter_update,8,0.2437,0.9949,0.20272,0.1893,0.1917,21.0388,0.00017,0.4881,0.5776,2.1967,0.723606,0.010322,0.0672,relaxed_off_principal,reference_vanilla_lora,,,,0.37696990750075493,48,bf16_full,42
reference_vanilla_lora_loao_social_group,small-instruct,0cb88a4f764b7a12671c53f0838cd831a0843b95,merged_low_rank_adapter_update,8,0.2437,0.9949,0.196569,0.1942,0.1967,22.0084,0.000198,0.4888,0.5747,2.0485,0.790726,0.011146,0.0676,relaxed_off_principal,reference_vanilla_lora,,,,0.37696990750075493,48,bf16_full,42
reference_vanilla_qlora,small-instruct,0cb88a4f764b7a12671c53f0838cd831a0843b95,merged_low_rank_adapter_update,8,0.2437,0.9949,0.158493,0.2621,0.2651,26.4613,0.000256,0.4905,0.5583,2.2752,1.007467,0.014163,0.0673,relaxed_off_principal,reference_vanilla_lora,0.9392,0.9569,2.4644,,48,nf4_4bit,42
ablation_no_condition_adaptive,broad-instruct,cdbee75f17c01a7cc42f958dc650907174af0554,merged_low_rank_adapter_update,13-64,0.1897,0.664,0.068939,0.8338,0.8491,58.7335,0.000887,0.4962,0.5245,2.5387,2.578957,0.03145,1.6404,relaxed_off_principal,reference_vanilla_lora,0.9197,0.9569,1.849,1.375057918615542,48,bf16_full,42
ablation_no_rationale_loss,broad-instruct,cdbee75f17c01a7cc42f958dc650907174af0554,merged_low_rank_adapter_update,13-64,0.1897,0.664,0.07534,0.7669,0.7818,52.1277,0.000633,0.496,0.5269,2.8965,2.279573,0.028129,1.7456,relaxed_off_principal,reference_vanilla_lora,0.8768,0.9596,1.7628,1.375057918615542,48,bf16_full,42
ablation_placement_random,broad-instruct,cdbee75f17c01a7cc42f958dc650907174af0554,merged_low_rank_adapter_update,13-64,0.1897,0.664,0.069005,0.8151,0.832,60.6176,0.000913,0.4965,0.5244,2.2645,2.601421,0.03179,1.6654,relaxed_off_principal,reference_vanilla_lora,0.9373,0.9677,1.8844,1.375057918615542,48,bf16_full,42
ablation_placement_random_draw2,broad-instruct,cdbee75f17c01a7cc42f958dc650907174af0554,merged_low_rank_adapter_update,13-64,0.1897,0.664,0.069231,0.8139,0.8247,58.2989,0.001299,0.4964,0.5247,2.2159,2.689796,0.032749,1.7158,relaxed_off_principal,reference_vanilla_lora,0.9365,0.9542,1.8828,1.375057918615542,48,bf16_full,42
ablation_placement_random_draw3,broad-instruct,cdbee75f17c01a7cc42f958dc650907174af0554,merged_low_rank_adapter_update,13-64,0.1897,0.664,0.064798,0.8768,0.8895,61.3115,0.001674,0.4967,0.523,2.1578,2.910997,0.03586,1.6977,relaxed_off_principal,reference_vanilla_lora,0.9243,0.9542,1.8583,1.375057918615542,48,bf16_full,42
ablation_placement_uniform,broad-instruct,cdbee75f17c01a7cc42f958dc650907174af0554,merged_low_rank_adapter_update,27-28,0.1897,0.996,0.084485,0.6163,0.6238,49.2697,0.000572,0.4959,0.53,2.3934,2.054052,0.024855,1.7553,relaxed_off_principal,reference_vanilla_lora,0.8939,0.9542,1.7971,1.375057918615542,48,bf16_full,42
ablation_rank_sweep_16,broad-instruct,cdbee75f17c01a7cc42f958dc650907174af0554,merged_low_rank_adapter_update,16-16,0.1897,0.664,0.106166,0.4069,0.4132,42.9707,0.000623,0.4942,0.5383,1.8657,1.780809,0.021313,1.5303,relaxed_off_principal,reference_vanilla_lora,0.9118,0.9757,1.8331,0.544447033954896,48,bf16_full,42
ablation_rank_sweep_32,broad-instruct,cdbee75f17c01a7cc42f958dc650907174af0554,merged_low_rank_adapter_update,32-32,0.1897,0.664,0.068832,0.7282,0.7415,54.8897,0.001063,0.4963,0.5243,2.2973,2.51563,0.030682,1.705,relaxed_off_principal,reference_vanilla_lora,0.8972,0.965,1.8038,1.0829977189511633,48,bf16_full,42
ablation_rank_sweep_8,broad-instruct,cdbee75f17c01a7cc42f958dc650907174af0554,merged_low_rank_adapter_update,8-8,0.1897,0.664,0.164403,0.2358,0.2381,31.3213,0.000332,0.4909,0.5621,1.5688,1.225172,0.014638,0.0689,relaxed_off_principal,reference_vanilla_lora,0.9098,0.9784,1.8291,0.2729665962459223,48,bf16_full,42
baseline_dart,broad-instruct,cdbee75f17c01a7cc42f958dc650907174af0554,merged_low_rank_adapter_update,27-28,0.1897,0.996,0.080182,0.6583,0.667,55.1589,0.000609,0.4962,0.5284,2.3176,2.158849,0.026172,1.7392,relaxed_off_principal,reference_vanilla_lora,0.9358,0.9389,1.8814,,48,bf16_full,42
baseline_dart,broad-instruct,cdbee75f17c01a7cc42f958dc650907174af0554,merged_low_rank_adapter_update,27-28,0.1897,0.996,0.078149,0.6525,0.6614,53.1151,0.000744,0.4962,0.5276,2.2211,2.28088,0.027369,1.7257,relaxed_off_principal,reference_vanilla_lora,0.9358,0.9389,1.8814,,48,bf16_full,43
baseline_dart,broad-instruct,cdbee75f17c01a7cc42f958dc650907174af0554,merged_low_rank_adapter_update,27-28,0.1897,0.996,0.082464,0.6314,0.6391,53.1543,0.000629,0.4959,0.5292,2.3273,2.133724,0.025607,1.7426,relaxed_off_principal,reference_vanilla_lora,0.9358,0.9389,1.8814,,48,bf16_full,44
baseline_fairnet,broad-instruct,cdbee75f17c01a7cc42f958dc650907174af0554,merged_low_rank_adapter_update,27-28,0.1897,0.996,0.096577,0.5657,0.5719,42.5414,0.000441,0.4953,0.5347,2.8357,1.794218,0.021821,1.8928,relaxed_off_principal,reference_vanilla_lora,0.9055,0.9254,1.8205,,48,bf16_full,42
baseline_fairnet,broad-instruct,cdbee75f17c01a7cc42f958dc650907174af0554,merged_low_rank_adapter_update,27-28,0.1897,0.996,0.091102,0.5903,0.5966,46.2741,0.000512,0.4956,0.5325,2.5038,1.975557,0.023788,1.7981,relaxed_off_principal,reference_vanilla_lora,0.9055,0.9254,1.8205,,48,bf16_full,43
baseline_fairnet,broad-instruct,cdbee75f17c01a7cc42f958dc650907174af0554,merged_low_rank_adapter_update,27-28,0.1897,0.996,0.092112,0.5892,0.5955,43.446,0.000465,0.4955,0.533,2.7164,1.879416,0.022894,1.8085,relaxed_off_principal,reference_vanilla_lora,0.9055,0.9254,1.8205,,48,bf16_full,44
baseline_igu_lora,broad-instruct,cdbee75f17c01a7cc42f958dc650907174af0554,merged_low_rank_adapter_update,13-64,0.1897,0.664,0.073228,0.7825,0.7978,50.3224,0.000682,0.4961,0.5261,2.9616,2.379206,0.029014,1.7285,relaxed_off_principal,reference_vanilla_lora,0.9489,0.9515,1.9077,,48,bf16_full,42
baseline_lftf,broad-instruct,cdbee75f17c01a7cc42f958dc650907174af0554,merged_low_rank_adapter_update,64-64,0.1858,0.415,0.054138,1.1908,1.2001,67.3689,0.001349,0.4976,0.519,2.5546,3.304783,0.039619,1.78,relaxed_off_principal,reference_vanilla_lora,0.9313,0.9137,1.8723,,47,bf16_full,42
baseline_pedal,broad-instruct,cdbee75f17c01a7cc42f958dc650907174af0554,merged_low_rank_adapter_update,27-28,0.1897,0.996,0.097086,0.5634,0.5691,41.9208,0.000469,0.4953,0.5349,2.7703,1.826399,0.022282,1.8012,relaxed_off_principal,reference_vanilla_lora,0.9056,0.9569,1.8207,,48,bf16_full,42
baseline_regift,broad-instruct,cdbee75f17c01a7cc42f958dc650907174af0554,merged_low_rank_adapter_update,27-28,0.1897,0.996,0.083366,0.6237,0.6315,51.5979,0.000575,0.4959,0.5295,2.2111,2.106289,0.025503,1.7338,relaxed_off_principal,reference_vanilla_lora,0.9423,0.9677,1.8945,,48,bf16_full,42
graft_proposed,broad-instruct,cdbee75f17c01a7cc42f958dc650907174af0554,merged_low_rank_adapter_update,13-64,0.1897,0.664,0.070862,0.7978,0.812,56.6379,0.000868,0.4961,0.5252,2.4142,2.517786,0.030946,1.6622,relaxed_off_principal,reference_vanilla_lora,0.9141,0.9632,1.8377,1.375057918615542,48,bf16_full,42
graft_proposed,broad-instruct,cdbee75f17c01a7cc42f958dc650907174af0554,merged_low_rank_adapter_update,13-64,0.1897,0.664,0.069556,0.8105,0.8279,56.89,0.001174,0.4962,0.5248,2.3793,2.710772,0.032804,1.6241,relaxed_off_principal,reference_vanilla_lora,0.9141,0.9632,1.8377,1.375057918615542,48,bf16_full,43
graft_proposed,broad-instruct,cdbee75f17c01a7cc42f958dc650907174af0554,merged_low_rank_adapter_update,13-64,0.1897,0.664,0.070263,0.8009,0.8163,56.7638,0.000827,0.4961,0.5251,2.4027,2.562967,0.031232,1.6756,relaxed_off_principal,reference_vanilla_lora,0.9141,0.9632,1.8377,1.375057918615542,48,bf16_full,44
graft_proposed_loao_gender,broad-instruct,cdbee75f17c01a7cc42f958dc650907174af0554,merged_low_rank_adapter_update,13-64,0.1897,0.664,0.073539,0.7667,0.781,56.2435,0.00077,0.4959,0.5262,2.2963,2.436882,0.029563,1.6756,relaxed_off_principal,reference_vanilla_lora,,,,1.375057918615542,48,bf16_full,42
graft_proposed_loao_landholding,broad-instruct,cdbee75f17c01a7cc42f958dc650907174af0554,merged_low_rank_adapter_update,13-64,0.1897,0.664,0.106881,0.5241,0.5339,37.0738,0.000381,0.494,0.5388,2.4678,1.624627,0.019842,1.7611,relaxed_off_principal,reference_vanilla_lora,,,,1.3722845275898714,48,bf16_full,42
graft_proposed_loao_social_group,broad-instruct,cdbee75f17c01a7cc42f958dc650907174af0554,merged_low_rank_adapter_update,13-64,0.1897,0.664,0.106163,0.5249,0.5347,37.0895,0.000397,0.494,0.5385,2.5316,1.652008,0.020112,1.7761,relaxed_off_principal,reference_vanilla_lora,,,,1.3861499231499665,48,bf16_full,42
graft_proposed_qlora_nf4,broad-instruct,cdbee75f17c01a7cc42f958dc650907174af0554,merged_low_rank_adapter_update,13-64,0.1897,0.664,0.071569,0.7794,0.7943,55.1925,0.000856,0.4961,0.5254,2.383,2.55426,0.030848,1.6626,relaxed_off_principal,reference_vanilla_lora,0.9043,0.9164,1.8181,2.479447158615941,48,nf4_4bit,42
reference_vanilla_lora,broad-instruct,cdbee75f17c01a7cc42f958dc650907174af0554,merged_low_rank_adapter_update,8,0.1897,0.996,0.18437,0.2174,0.219,24.8704,0.00022,0.4908,0.5704,1.8851,1.045473,0.012403,0.0682,relaxed_off_principal,reference_vanilla_lora,0.9245,0.9452,1.8587,,48,bf16_full,42
reference_vanilla_lora,broad-instruct,cdbee75f17c01a7cc42f958dc650907174af0554,merged_low_rank_adapter_update,8,0.1897,0.996,0.187666,0.2159,0.2175,25.021,0.000206,0.4905,0.5718,2.0096,1.007066,0.011914,0.0681,relaxed_off_principal,reference_vanilla_lora,0.9245,0.9452,1.8587,,48,bf16_full,43
reference_vanilla_lora,broad-instruct,cdbee75f17c01a7cc42f958dc650907174af0554,merged_low_rank_adapter_update,8,0.1897,0.996,0.184153,0.219,0.2203,25.0321,0.000217,0.4906,0.5705,1.8882,1.035967,0.012332,0.0682,relaxed_off_principal,reference_vanilla_lora,0.9245,0.9452,1.8587,,48,bf16_full,44
reference_vanilla_lora_loao_gender,broad-instruct,cdbee75f17c01a7cc42f958dc650907174af0554,merged_low_rank_adapter_update,8,0.1897,0.996,0.17798,0.2184,0.2196,25.8086,0.000237,0.4909,0.5675,1.668,1.094284,0.012884,0.0686,relaxed_off_principal,reference_vanilla_lora,,,,0.4088918253199316,48,bf16_full,42
reference_vanilla_lora_loao_landholding,broad-instruct,cdbee75f17c01a7cc42f958dc650907174af0554,merged_low_rank_adapter_update,8,0.1897,0.996,0.231537,0.1553,0.1565,17.7936,0.000152,0.488,0.5918,1.7028,0.786646,0.009299,0.0685,relaxed_off_principal,reference_vanilla_lora,,,,0.4088918253199316,48,bf16_full,42
reference_vanilla_lora_loao_social_group,broad-instruct,cdbee75f17c01a7cc42f958dc650907174af0554,merged_low_rank_adapter_update,8,0.1897,0.996,0.220444,0.1679,0.1692,20.8267,0.00017,0.4888,0.5868,1.6896,0.832159,0.009897,0.0685,relaxed_off_principal,reference_vanilla_lora,,,,0.4088918253199316,48,bf16_full,42
reference_vanilla_qlora,broad-instruct,cdbee75f17c01a7cc42f958dc650907174af0554,merged_low_rank_adapter_update,8,0.1897,0.996,0.187891,0.2131,0.2145,24.2613,0.000224,0.4906,0.5723,1.9473,1.033084,0.012273,0.0681,relaxed_off_principal,reference_vanilla_lora,0.9325,0.9677,1.8747,,48,nf4_4bit,42
ablation_no_condition_adaptive,general-instruct-2,unknown,merged_low_rank_adapter_update,10-64,0.1858,0.498,0.021014,3.3871,3.4541,86.3381,0.015885,0.4989,0.5076,4.2683,2.635826,0.107528,1.8217,relaxed_off_principal,reference_vanilla_lora,0.8918,0.9326,2.0807,0.7008640160504681,47,bf16_full,42
ablation_no_rationale_loss,general-instruct-2,unknown,merged_low_rank_adapter_update,10-64,0.1858,0.498,0.023468,2.9347,2.9975,85.7436,0.014275,0.4987,0.5084,3.6043,2.449648,0.100569,1.6037,relaxed_off_principal,reference_vanilla_lora,0.8766,0.9003,2.0453,0.7008640160504681,47,bf16_full,42
ablation_placement_random,general-instruct-2,unknown,merged_low_rank_adapter_update,10-64,0.1858,0.498,0.018993,3.6278,3.6808,86.4833,0.017669,0.4992,0.5069,3.9228,2.922638,0.112631,1.9448,relaxed_off_principal,reference_vanilla_lora,0.931,0.9461,2.1722,0.7008640160504681,47,bf16_full,42
ablation_placement_random_draw2,general-instruct-2,unknown,merged_low_rank_adapter_update,10-64,0.1858,0.498,0.018592,3.7482,3.8087,86.1972,0.020254,0.4992,0.5068,3.9432,3.093634,0.116907,1.8612,relaxed_off_principal,reference_vanilla_lora,0.9331,0.903,2.1771,0.7008640160504681,47,bf16_full,42
ablation_placement_random_draw3,general-instruct-2,unknown,merged_low_rank_adapter_update,10-64,0.1858,0.498,0.019386,3.5291,3.5957,86.9253,0.020578,0.4992,0.507,3.6821,2.894094,0.112228,1.95,relaxed_off_principal,reference_vanilla_lora,0.9421,0.9218,2.1981,0.7008640160504681,47,bf16_full,42
ablation_placement_uniform,general-instruct-2,unknown,merged_low_rank_adapter_update,20-21,0.1897,0.996,0.027455,2.1345,2.1714,81.9324,0.005417,0.4988,0.5095,3.8844,1.924032,0.073867,2.1669,relaxed_off_principal,reference_vanilla_lora,0.9346,0.9623,2.1806,0.7008640160504681,48,bf16_full,42
ablation_rank_sweep_16,general-instruct-2,unknown,merged_low_rank_adapter_update,16-16,0.1858,0.498,0.029047,1.7848,1.8142,82.8551,0.006893,0.4985,0.5102,3.35,1.807999,0.072279,1.9291,relaxed_off_principal,reference_vanilla_lora,0.8978,0.9704,2.0947,0.2713813401898549,47,bf16_full,42
ablation_rank_sweep_32,general-instruct-2,unknown,merged_low_rank_adapter_update,32-32,0.1858,0.498,0.020542,3.0036,3.06,85.6191,0.012474,0.4989,0.5074,4.3584,2.457989,0.098817,2.1746,relaxed_off_principal,reference_vanilla_lora,0.9382,0.9407,2.189,0.5412937102544578,47,bf16_full,42
ablation_rank_sweep_8,general-instruct-2,unknown,merged_low_rank_adapter_update,8-8,0.1858,0.498,0.042574,1.0237,1.0402,77.3632,0.003731,0.4977,0.5146,2.5031,1.312411,0.052122,0.0666,relaxed_off_principal,reference_vanilla_lora,0.9304,0.973,2.1708,0.13587503984698757,47,bf16_full,42
baseline_dart,general-instruct-2,unknown,merged_low_rank_adapter_update,20-21,0.1897,0.996,0.0257,2.2615,2.3009,83.8679,0.006349,0.4989,0.509,3.8352,2.054794,0.079006,2.1512,relaxed_off_principal,reference_vanilla_lora,0.8616,0.9236,2.0103,,48,bf16_full,42
baseline_dart,general-instruct-2,unknown,merged_low_rank_adapter_update,20-21,0.1897,0.996,0.025675,2.2605,2.3004,83.5106,0.007202,0.4988,0.509,3.9168,2.085401,0.080331,2.1802,relaxed_off_principal,reference_vanilla_lora,0.8616,0.9236,2.0103,,48,bf16_full,43
baseline_dart,general-instruct-2,unknown,merged_low_rank_adapter_update,20-21,0.1897,0.996,0.026881,2.1696,2.2059,82.3709,0.006089,0.4988,0.5094,3.7817,1.9577,0.075363,2.2086,relaxed_off_principal,reference_vanilla_lora,0.8616,0.9236,2.0103,,48,bf16_full,44
baseline_fairnet,general-instruct-2,unknown,merged_low_rank_adapter_update,20-21,0.1897,0.996,0.032236,1.8674,1.9023,81.6312,0.004438,0.4986,0.5111,3.6228,1.7098,0.066076,2.1116,relaxed_off_principal,reference_vanilla_lora,0.8599,0.8796,2.0062,,48,bf16_full,42
baseline_fairnet,general-instruct-2,unknown,merged_low_rank_adapter_update,20-21,0.1897,0.996,0.030696,1.9745,2.0093,81.6994,0.005442,0.4986,0.5106,3.5939,1.823901,0.070434,2.1055,relaxed_off_principal,reference_vanilla_lora,0.8599,0.8796,2.0062,,48,bf16_full,43
baseline_fairnet,general-instruct-2,unknown,merged_low_rank_adapter_update,20-21,0.1897,0.996,0.029816,1.9994,2.0357,82.7619,0.005412,0.4986,0.5103,3.6604,1.840578,0.071087,2.125,relaxed_off_principal,reference_vanilla_lora,0.8599,0.8796,2.0062,,48,bf16_full,44
baseline_igu_lora,general-instruct-2,unknown,merged_low_rank_adapter_update,10-64,0.1858,0.498,0.022009,3.0038,3.0678,86.1352,0.016093,0.4988,0.5079,3.3503,2.552959,0.1047,1.5881,relaxed_off_principal,reference_vanilla_lora,0.9256,0.9057,2.1596,,47,bf16_full,42
baseline_lftf,general-instruct-2,unknown,merged_low_rank_adapter_update,64-64,0.0277,0.0277,0.015712,3.7654,3.8452,89.065,0.055652,0.4995,0.506,2.4367,4.735459,0.17445,1.3868,relaxed_off_principal,reference_vanilla_lora,0.7608,0.6173,1.7751,,7,bf16_full,42
baseline_pedal,general-instruct-2,unknown,merged_low_rank_adapter_update,20-21,0.1897,0.996,0.030262,1.99,2.0248,83.4648,0.005608,0.4987,0.5105,3.531,1.862012,0.072005,2.0611,relaxed_off_principal,reference_vanilla_lora,0.891,0.903,2.0789,,48,bf16_full,42
baseline_regift,general-instruct-2,unknown,merged_low_rank_adapter_update,20-21,0.1897,0.996,0.027169,2.1526,2.1893,82.6527,0.005768,0.4988,0.5094,3.8774,1.936685,0.074663,2.2225,relaxed_off_principal,reference_vanilla_lora,0.9067,0.9164,2.1155,,48,bf16_full,42
graft_proposed,general-instruct-2,unknown,merged_low_rank_adapter_update,10-64,0.1858,0.498,0.021202,3.3312,3.402,85.2131,0.01605,0.4988,0.5077,4.0895,2.621649,0.106339,1.8565,relaxed_off_principal,reference_vanilla_lora,0.9022,0.9254,2.105,0.7008640160504681,47,bf16_full,42
graft_proposed,general-instruct-2,unknown,merged_low_rank_adapter_update,10-64,0.1858,0.498,0.021687,3.3156,3.3843,84.3629,0.015081,0.4988,0.5078,4.2694,2.569887,0.104568,1.8745,relaxed_off_principal,reference_vanilla_lora,0.9022,0.9254,2.105,0.7008640160504681,47,bf16_full,43
graft_proposed,general-instruct-2,unknown,merged_low_rank_adapter_update,10-64,0.1858,0.498,0.02142,3.3307,3.3973,85.4485,0.014806,0.4989,0.5077,4.205,2.561723,0.1046,1.8939,relaxed_off_principal,reference_vanilla_lora,0.9022,0.9254,2.105,0.7008640160504681,47,bf16_full,44
graft_proposed_loao_gender,general-instruct-2,unknown,merged_low_rank_adapter_update,10-64,0.1858,0.498,0.021632,3.2748,3.3429,85.0002,0.014778,0.4988,0.5078,4.2923,2.539907,0.103233,1.8704,relaxed_off_principal,reference_vanilla_lora,,,,0.7064536765841325,47,bf16_full,42
graft_proposed_loao_landholding,general-instruct-2,unknown,merged_low_rank_adapter_update,10-64,0.1858,0.498,0.030549,2.3847,2.438,80.8135,0.007,0.4984,0.5107,4.5113,1.775099,0.073634,1.9309,relaxed_off_principal,reference_vanilla_lora,,,,0.717631109974147,47,bf16_full,42
graft_proposed_loao_social_group,general-instruct-2,unknown,merged_low_rank_adapter_update,10-64,0.1858,0.498,0.029292,2.5078,2.559,79.2559,0.008692,0.4984,0.5103,4.1863,1.892538,0.078273,1.929,relaxed_off_principal,reference_vanilla_lora,,,,0.6952737261493369,47,bf16_full,42
graft_proposed_qlora_nf4,general-instruct-2,unknown,merged_low_rank_adapter_update,10-64,0.1858,0.498,0.021201,3.3736,3.4451,85.8273,0.015317,0.4989,0.5077,4.6314,2.595789,0.105916,1.8731,relaxed_off_principal,reference_vanilla_lora,0.933,0.938,2.1769,1.229592978431963,47,nf4_4bit,42
reference_vanilla_lora,general-instruct-2,unknown,merged_low_rank_adapter_update,8,0.1897,0.996,0.052438,0.9369,0.9508,72.6346,0.001994,0.4976,0.5179,2.574,1.136356,0.043165,0.0664,relaxed_off_principal,reference_vanilla_lora,0.8918,0.9245,2.0807,,48,bf16_full,42
reference_vanilla_lora,general-instruct-2,unknown,merged_low_rank_adapter_update,8,0.1897,0.996,0.055007,0.9243,0.9375,73.4939,0.001874,0.4974,0.5188,2.7554,1.105589,0.041868,0.0664,relaxed_off_principal,reference_vanilla_lora,0.8918,0.9245,2.0807,,48,bf16_full,43
reference_vanilla_lora,general-instruct-2,unknown,merged_low_rank_adapter_update,8,0.1897,0.996,0.05148,0.9675,0.9829,72.9928,0.00196,0.4976,0.5175,2.7962,1.145826,0.043397,0.0663,relaxed_off_principal,reference_vanilla_lora,0.8918,0.9245,2.0807,,48,bf16_full,44
reference_vanilla_lora_loao_gender,general-instruct-2,unknown,merged_low_rank_adapter_update,8,0.1897,0.996,0.049997,0.9618,0.9738,73.2084,0.001953,0.4977,0.517,2.67,1.155059,0.043656,0.0664,relaxed_off_principal,reference_vanilla_lora,,,,0.2713813401898549,48,bf16_full,42
reference_vanilla_lora_loao_landholding,general-instruct-2,unknown,merged_low_rank_adapter_update,8,0.1897,0.996,0.072106,0.6482,0.6585,62.0324,0.00078,0.4967,0.5246,2.4637,0.785072,0.029814,0.0665,off_principal_and_spectrum_preserving,reference_vanilla_lora,,,,0.2713813401898549,48,bf16_full,42
reference_vanilla_lora_loao_social_group,general-instruct-2,unknown,merged_low_rank_adapter_update,8,0.1897,0.996,0.06624,0.7174,0.7275,63.8847,0.000906,0.497,0.5226,2.5267,0.855764,0.032749,0.0665,off_principal_and_spectrum_preserving,reference_vanilla_lora,,,,0.2713813401898549,48,bf16_full,42
reference_vanilla_qlora,general-instruct-2,unknown,merged_low_rank_adapter_update,8,0.1897,0.996,0.052205,0.9479,0.9616,74.861,0.001924,0.4976,0.5178,2.5997,1.145766,0.043677,0.0665,relaxed_off_principal,reference_vanilla_lora,0.9469,0.9137,2.2093,,48,nf4_4bit,42
ablation_no_condition_adaptive,general-instruct,unknown,merged_low_rank_adapter_update,10-64,0.0962,0.4208,0.064244,1.1597,1.1818,69.6824,0.004256,0.497,0.5228,2.2414,3.113671,0.045324,1.3876,relaxed_off_principal,reference_vanilla_lora,0.9307,0.9407,1.9891,0.8000489688755357,48,bf16_full,42
ablation_no_rationale_loss,general-instruct,unknown,merged_low_rank_adapter_update,10-64,0.0962,0.4208,0.067318,1.0737,1.0921,68.6798,0.004279,0.4969,0.524,2.0855,3.043717,0.044113,1.2728,relaxed_off_principal,reference_vanilla_lora,0.9188,0.9461,1.9637,0.8000489688755357,48,bf16_full,42
ablation_placement_random,general-instruct,unknown,merged_low_rank_adapter_update,10-64,0.0962,0.4208,0.059036,1.2109,1.2261,71.4597,0.00545,0.4973,0.5207,2.2252,3.239045,0.047303,1.53,relaxed_off_principal,reference_vanilla_lora,0.935,0.9299,1.9983,0.8000489688755357,48,bf16_full,42
ablation_placement_random_draw2,general-instruct,unknown,merged_low_rank_adapter_update,10-64,0.0962,0.4208,0.063496,1.1678,1.1718,70.7516,0.004056,0.4969,0.5221,2.3947,3.016819,0.041964,1.6441,relaxed_off_principal,reference_vanilla_lora,0.9233,0.973,1.9733,0.8000489688755357,48,bf16_full,42
ablation_placement_random_draw3,general-instruct,unknown,merged_low_rank_adapter_update,10-64,0.0962,0.4208,0.052451,1.3538,1.3615,75.8172,0.006183,0.4976,0.5183,2.1236,3.470436,0.051268,1.6302,relaxed_off_principal,reference_vanilla_lora,0.907,0.973,1.9384,0.8000489688755357,48,bf16_full,42
ablation_placement_uniform,general-instruct,unknown,merged_low_rank_adapter_update,24-25,0.0962,0.6733,0.072604,0.8696,0.8789,66.1871,0.001723,0.4963,0.525,2.1548,2.348419,0.033709,1.8007,relaxed_off_principal,reference_vanilla_lora,0.9173,0.9569,1.9605,0.8000489688755357,48,bf16_full,42
ablation_rank_sweep_16,general-instruct,unknown,merged_low_rank_adapter_update,16-16,0.0962,0.4208,0.089317,0.5939,0.6001,56.1624,0.001835,0.4959,0.5317,2.1583,2.090219,0.028799,1.6089,relaxed_off_principal,reference_vanilla_lora,0.9368,0.9596,2.0021,0.33462727544771087,48,bf16_full,42
ablation_rank_sweep_32,general-instruct,unknown,merged_low_rank_adapter_update,32-32,0.0962,0.4208,0.057935,1.0308,1.0445,69.2512,0.003646,0.4974,0.5204,2.3988,3.026938,0.042741,1.7537,relaxed_off_principal,reference_vanilla_lora,0.8763,0.9164,1.8728,0.6670225116381043,48,bf16_full,42
ablation_rank_sweep_8,general-instruct,unknown,merged_low_rank_adapter_update,8-8,0.0962,0.4208,0.143178,0.3219,0.3244,43.7628,0.000783,0.4934,0.5525,1.694,1.376253,0.018596,0.0678,relaxed_off_principal,reference_vanilla_lora,0.9351,0.9704,1.9985,0.1675940454178526,48,bf16_full,42
baseline_dart,general-instruct,unknown,merged_low_rank_adapter_update,24-25,0.0962,0.6733,0.069289,0.9178,0.9272,70.9815,0.001719,0.4966,0.524,2.2364,2.414545,0.03472,1.8045,relaxed_off_principal,reference_vanilla_lora,0.9405,0.9515,2.0101,0.8000489688755357,48,bf16_full,42
baseline_dart,general-instruct,unknown,merged_low_rank_adapter_update,24-25,0.0962,0.6733,0.065297,0.945,0.9554,67.5377,0.002145,0.4968,0.5226,2.2215,2.597933,0.037754,1.759,relaxed_off_principal,reference_vanilla_lora,0.9405,0.9515,2.0101,0.8000489688755357,48,bf16_full,43
baseline_dart,general-instruct,unknown,merged_low_rank_adapter_update,24-25,0.0962,0.6733,0.069732,0.8993,0.9093,67.6041,0.001981,0.4964,0.5242,2.1979,2.454682,0.035399,1.8042,relaxed_off_principal,reference_vanilla_lora,0.9405,0.9515,2.0101,0.8000489688755357,48,bf16_full,44
baseline_fairnet,general-instruct,unknown,merged_low_rank_adapter_update,24-25,0.0962,0.6733,0.075177,0.8527,0.8614,63.7085,0.001694,0.4964,0.5258,2.343,2.256625,0.032442,1.7363,relaxed_off_principal,reference_vanilla_lora,0.9141,0.9272,1.9537,0.8000489688755357,48,bf16_full,42
baseline_fairnet,general-instruct,unknown,merged_low_rank_adapter_update,24-25,0.0962,0.6733,0.076015,0.8462,0.8548,66.1386,0.001881,0.4961,0.5266,2.25,2.29341,0.032771,1.74,relaxed_off_principal,reference_vanilla_lora,0.9141,0.9272,1.9537,0.8000489688755357,48,bf16_full,43
baseline_fairnet,general-instruct,unknown,merged_low_rank_adapter_update,24-25,0.0962,0.6733,0.071497,0.8743,0.884,68.8144,0.002,0.4965,0.5247,2.1411,2.401823,0.034841,1.6818,relaxed_off_principal,reference_vanilla_lora,0.9141,0.9272,1.9537,0.8000489688755357,48,bf16_full,44
baseline_igu_lora,general-instruct,unknown,merged_low_rank_adapter_update,10-64,0.0962,0.4208,0.070719,1.0848,1.1044,67.7747,0.003411,0.4966,0.5253,2.3206,2.903272,0.042053,1.3529,relaxed_off_principal,reference_vanilla_lora,0.9365,0.9137,2.0015,0.8000489688755357,48,bf16_full,42
baseline_lftf,general-instruct,unknown,merged_low_rank_adapter_update,57-58,0.0962,0.2806,0.041897,1.7894,1.7872,81.838,0.010169,0.4984,0.5148,2.3824,4.182544,0.061097,1.5914,relaxed_off_principal,reference_vanilla_lora,0.9289,0.9515,1.9853,0.8000489688755357,48,bf16_full,42
baseline_pedal,general-instruct,unknown,merged_low_rank_adapter_update,24-25,0.0962,0.6733,0.076436,0.845,0.8524,64.3923,0.001891,0.4961,0.5262,2.2849,2.291694,0.033074,1.7513,relaxed_off_principal,reference_vanilla_lora,0.8794,0.9434,1.8795,0.8000489688755357,48,bf16_full,42
baseline_regift,general-instruct,unknown,merged_low_rank_adapter_update,24-25,0.0962,0.6733,0.07134,0.8859,0.8948,66.19,0.00197,0.4964,0.5245,2.2173,2.391221,0.034443,1.7584,relaxed_off_principal,reference_vanilla_lora,0.9717,0.9245,2.0767,0.8000489688755357,48,bf16_full,42
graft_proposed,general-instruct,unknown,merged_low_rank_adapter_update,10-64,0.0962,0.4208,0.066923,1.1055,1.1253,67.2394,0.004115,0.4969,0.5238,2.2636,2.983679,0.043258,1.3858,relaxed_off_principal,reference_vanilla_lora,0.8806,0.956,1.882,0.8000489688755357,48,bf16_full,42
graft_proposed,general-instruct,unknown,merged_low_rank_adapter_update,10-64,0.0962,0.4208,0.066382,1.1036,1.1248,70.8864,0.003822,0.4969,0.5236,2.2296,3.046718,0.043775,1.3785,relaxed_off_principal,reference_vanilla_lora,0.8806,0.956,1.882,0.8000489688755357,48,bf16_full,43
graft_proposed,general-instruct,unknown,merged_low_rank_adapter_update,10-64,0.0962,0.4208,0.064906,1.1375,1.159,68.8392,0.004136,0.497,0.5231,2.3662,3.04347,0.043953,1.4222,relaxed_off_principal,reference_vanilla_lora,0.8806,0.956,1.882,0.8000489688755357,48,bf16_full,44
graft_proposed_loao_gender,general-instruct,unknown,merged_low_rank_adapter_update,10-64,0.0962,0.4208,0.070103,1.0676,1.0877,67.3336,0.003712,0.4967,0.5249,2.2279,2.857415,0.041437,1.4539,relaxed_off_principal,reference_vanilla_lora,,,,0.802113925505246,48,bf16_full,42
graft_proposed_loao_landholding,general-instruct,unknown,merged_low_rank_adapter_update,12-64,0.0962,0.4208,0.097707,0.7314,0.7472,50.6775,0.001171,0.4954,0.5351,2.4629,1.885813,0.02682,1.777,relaxed_off_principal,reference_vanilla_lora,,,,0.8206946673053399,48,bf16_full,42
graft_proposed_loao_social_group,general-instruct,unknown,merged_low_rank_adapter_update,11-64,0.0962,0.3928,0.087578,0.8109,0.8281,61.2467,0.001815,0.4962,0.5312,2.0839,2.07297,0.031669,1.6817,relaxed_off_principal,reference_vanilla_lora,,,,0.7704418071608028,48,bf16_full,42
graft_proposed_qlora_nf4,general-instruct,unknown,merged_low_rank_adapter_update,10-64,0.0962,0.4208,0.068024,1.1114,1.1312,67.4706,0.003387,0.4969,0.5242,2.2673,2.942635,0.042238,1.4211,relaxed_off_principal,reference_vanilla_lora,0.9098,0.9515,1.9444,1.466835070430222,48,nf4_4bit,42
reference_vanilla_lora,general-instruct,unknown,merged_low_rank_adapter_update,8,0.0962,0.6733,0.26228,0.3215,0.3232,44.4022,0.000396,0.4939,0.5487,1.4326,1.229874,0.016294,0.0678,relaxed_off_principal,reference_vanilla_lora,0.9064,0.9353,1.9372,0.2800644342059466,48,bf16_full,42
reference_vanilla_lora,general-instruct,unknown,merged_low_rank_adapter_update,8,0.0962,0.6733,0.266585,0.302,0.3034,40.8617,0.000338,0.4937,0.5508,1.4776,1.15697,0.015352,0.0674,relaxed_off_principal,reference_vanilla_lora,0.9064,0.9353,1.9372,0.2800644342059466,48,bf16_full,43
reference_vanilla_lora,general-instruct,unknown,merged_low_rank_adapter_update,8,0.0962,0.6733,0.268427,0.296,0.297,40.0854,0.000385,0.4938,0.5513,1.5029,1.195198,0.015586,0.0677,relaxed_off_principal,reference_vanilla_lora,0.9064,0.9353,1.9372,0.2800644342059466,48,bf16_full,44
reference_vanilla_lora_loao_gender,general-instruct,unknown,merged_low_rank_adapter_update,8,0.0962,0.6733,0.2659,0.3127,0.3139,43.2764,0.000354,0.4937,0.5504,1.4349,1.206541,0.015873,0.0676,relaxed_off_principal,reference_vanilla_lora,,,,0.2800644342059466,48,bf16_full,42
reference_vanilla_lora_loao_landholding,general-instruct,unknown,merged_low_rank_adapter_update,8,0.0962,0.6733,0.311149,0.1963,0.1971,24.1036,0.000145,0.4912,0.5726,1.5823,0.77431,0.010153,0.0671,off_principal_and_spectrum_preserving,reference_vanilla_lora,,,,0.2800644342059466,48,bf16_full,42
reference_vanilla_lora_loao_social_group,general-instruct,unknown,merged_low_rank_adapter_update,8,0.0962,0.6733,0.303295,0.2202,0.2213,29.974,0.000167,0.492,0.568,1.4516,0.838387,0.011075,0.0674,off_principal_and_spectrum_preserving,reference_vanilla_lora,,,,0.2800644342059466,48,bf16_full,42
reference_vanilla_qlora,general-instruct,unknown,merged_low_rank_adapter_update,8,0.0962,0.6733,0.266758,0.3135,0.3151,42.057,0.000294,0.4937,0.5507,1.4587,1.186838,0.015417,0.0675,relaxed_off_principal,reference_vanilla_lora,0.9399,0.9704,2.0088,0.5157320485432154,48,nf4_4bit,42
