dimension,n,raw_agreement,cohen_kappa,kappa_type,reading
both_meet_minimum,192,0.9792,0.0,nominal,near-unanimous category: kappa is deflated and raw agreement is the informative figure
left_correctness,192,0.9635,0.9108,linear_weighted,substantial agreement
left_unsafe,192,0.9896,0.0,nominal,near-unanimous category: kappa is deflated and raw agreement is the informative figure
left_usefulness_0_2,192,0.8802,0.4983,linear_weighted,"moderate agreement, as expected for a stylistic judgement"
pair_change_type,192,0.9948,0.9898,nominal,substantial agreement
pair_severity_0_3,192,0.9896,0.9041,linear_weighted,substantial agreement
right_correctness,192,0.9688,0.9079,linear_weighted,substantial agreement
right_unsafe,192,0.9948,0.0,nominal,near-unanimous category: kappa is deflated and raw agreement is the informative figure
right_usefulness_0_2,192,0.8906,0.5419,linear_weighted,"moderate agreement, as expected for a stylistic judgement"
